User-Agent: *
Disallow: 

Sitemap: https://www.southuniversity.edu/sitemap.xml
Sitemap: https://www.southuniversity.edu/sitemap-blog.xml
Sitemap: https://www.southuniversity.edu/sitemap-newsroom.xml

noindex: /savannah/areas-of-study/nursing/rn-to-master-of-science-in-nursing-with-a-specialization-in-adult-gerontology-primary-care-nurse-practitioner-rn-to-master-of-science-in-nursing-rn-to-msn
noindex: /montgomery/areas-of-study/nursing/rn-to-master-of-science-in-nursing-with-a-specialization-in-adult-gerontology-primary-care-nurse-practitioner-rn-to-master-of-science-in-nursing-rn-to-msn
noindex: /areas-of-study/physician-assistant-studies
noindex: /richmond/areas-of-study/nursing/rn-to-master-of-science-in-nursing-with-a-specialization-in-adult-gerontology-primary-care-nurse-practitioner-rn-to-master-of-science-in-nursing-rn-to-msn
noindex: /columbia/rn-to-master-of-science-in-nursing-with-a-specialization-in-family-nurse-practitioner-degree-rn-to-msn-431612.aspx/rk=0/rs=xymboexyn.cqgg_nlvslt09avdw-
noindex: /docs/student_create_account.pdf
noindex: /tampa/areas-of-study/nursing/nursing-with-a-specialization-in-adult-health-nurse-practitioner-master-of-science-in-nursing-msn
noindex: /montgomery/areas-of-study/nursing/rn-to-master-of-science-in-nursing-with-a-specialization-in-adult-health-nurse-practitioner-rn-to-master-of-science-in-nursing-rn-to-msn
noindex: /careers.
noindex: /online/whoweare/student-affairs/student-services
noindex: /campus/columbia?siteID=1
noindex: /locations/search-map
noindex: /tampa/areas-of-study/physician-assistant-studies/physician-assistant-studies-master-of-science-ms
noindex: /videos/~/assets/css/modules/videos.css
noindex: /whoweare/newsroom/newsroom-detail
noindex: /online/areas-of-study/health-sciences/health-science-bachelor-of-science-bs
noindex: /richmond/areas-of-study/criminal-justice-and-legal-studies/legal-studies-bachelor-of-science-bs/faculty
noindex: /alumni/la’sondrick-bridges/86331
noindex: /savannah/areas-of-study/physician-assistant-studies/physician-assistant-studies-master-of-science-ms/admissions
noindex: /areas-of-study/nursing/public-health-master-of-public-health-mph
noindex: /savannah/areas-of-study/physician-assistant-studies/physician-assistant-studies-master-of-science-ms
noindex: /savannah/areas-of-study/business-administration-and-accounting/business-administration-master-of-business-administration-mba
noindex: /student login
noindex: /cgi-bin/redirect.ha
noindex: /pros-and-cons-of-being-an-entrepreneur-96101.aspx
noindex: /richmond/areas-of-study/nursing/rn-to-master-of-science-in-nursing-with-a-specialization-in-family-nurse-practitioner-rn-to-master-of-science-in-nursing-rn-to-msn
noindex: /montgomery/faculty-profiles.aspx
noindex: /physicianassistant
noindex: /college-of-health-professions/health-science-29711.aspx
noindex: /virginia-beach/areas-of-study/nursing/rn-to-master-of-science-in-nursing-with-a-specialization-in-family-nurse-practitioner-rn-to-master-of-science-in-nursing-rn-to-msn
noindex: /richmond/areas-of-study/criminal-justice-and-legal-studies/legal-studies-bachelor-of-science-bs/courses
noindex: /richmond/areas-of-study/criminal-justice-and-legal-studies/legal-studies-bachelor-of-science-bs/whysouthuniversity
noindex: /tuition-financial-aid
noindex: /austin/areas-of-study/criminal-justice-and-legal-studies/legal-studies-bachelor-of-science-bs
noindex: /online/areas-of-study/public-health/allied-health-science-associate-of-science-as/courses
noindex: /richmond/areas-of-study/criminal-justice-and-legal-studies/legal-studies-bachelor-of-science-bs/admissions
noindex: /richmond/areas-of-study/criminal-justice-and-legal-studies/legal-studies-bachelor-of-science-bs/outcomes
noindex: /areas-of-study&degree=Masters
noindex: /handbook
noindex: /nursing-and-health-professions-programs/physician-assistant-studies-d
noindex: /portal/server.pt/community/south_university_campus_common/202
noindex: /richmond/areas-of-study/criminal-justice-and-legal-studies/legal-studies-bachelor-of-science-bs
noindex: /whoweare/ne...
noindex: /locations/novi
noindex: /su-do-not-call-policy.aspx
noindex: /whoweare/statement
noindex: /.../how-students-benefit-from-learning-with-ebooks
noindex: /campus
noindex: /campuscommons
noindex: /montgomery/areas-of-study/criminal-justice-and-legal-studies/legal-studies-bachelor-of-science-bs
