User-agent: *
Disallow: /layouts/
Disallow: /webapi/
Sitemap: https://www.choice.com.au/sitemap.xml
Disallow: /*.axd 
Disallow: https://profile.choice.com.au/
Disallow: /member/profile/edit/edit-details
Disallow: /member/profile
Disallow: /member/profile/history
Disallow: /member/profile/edit/edit-billing-address
Disallow: /member/checkout/purchase-summary
Disallow: /member/checkout/confirmation
Disallow: /member/checkout/payment
Disallow: /member/forgotten-password
Disallow: /member/forgotten-password-success
Disallow: /member/profile/change
Disallow: /member/resend-activation-email
Disallow: /member/resend-activation-email/resend-activation-email-success
Disallow: /member/change-password
Disallow: /member/get-basic-access
Disallow:/home-and-living/kitchen/fridges/old/fridges-2016
Disallow:/home-and-living/kitchen/food-processors-mixers-and-blenders/old/nutribullet-and-single-serve-blenders-2016
Disallow:/outdoor/outdoor-entertaining/barbecues/old/bbqs-2016
Disallow:home-and-living/kitchen/food-processors-mixers-and-blenders/old/food-processors-2016
Disallow:/transport/bikes/accessories/old/bike-lights-2016
Disallow:/home-and-living/cooling/air-conditioners/old/small-air-conditioners-2016
Disallow:/home-and-living/cooling/air-conditioners/old/medium-air-conditioners-2016
Disallow:/home-and-living/cooling/air-conditioners/old/large-air-conditioners-2016
Disallow:/home-improvement/energy-saving/light-bulbs/old/led-light-bulbs-2016
Disallow:/home-and-living/laundry-and-cleaning/vacuum-cleaners/old/robot-vacuums-2016
Disallow:/home-and-living/laundry-and-cleaning/steam-mops/old/steam-mops-2016
Disallow:/home-and-living/kitchen/dishwashers/old/dishwashers-2016
Disallow:/home-and-living/laundry-and-cleaning/washing-machines/old/washing-machines-2016
Disallow:/home-and-living/kitchen/ovens/old/wall-ovens-2016
Disallow:/home-and-living/kitchen/coffee-machines/old/home-espresso-machines-2016
Disallow:/home-and-living/kitchen/juicers/old/juicers-2016
Disallow:/home-and-living/kitchen/all-in-one-kitchen-machines/old/all-in-one-kitchen-machines-2016
Disallow:/home-and-living/cooling/air-conditioners/old/portable-air-conditioners-2016
Disallow:/home-and-living/cooling/fans/old/ceiling-fans-2016
Disallow:/electronics-and-technology/phones/mobile-phones/old/smartphones-2016
Disallow:/electronics-and-technology/home-entertainment/personal-listening/old/wireless-speakers-2016
Disallow:/electronics-and-technology/computers/scanners-and-printers/old/multifunction-printers-2016
Disallow:/electronics-and-technology/home-entertainment/tvs-and-projectors/old/tvs-2016
Disallow:/home-and-living/kitchen/freezers/old/chest-and-upright-freezers-2016
Disallow:/home-and-living/laundry-and-cleaning/dryers/old/clothes-dryers-2016
Disallow:/home-and-living/laundry-and-cleaning/vacuum-cleaners/old/vacuums-2016
Disallow:/home-and-living/kitchen/benchtop-cooking/old/rice-cookers-2016
Disallow:/home-and-living/kitchen/microwaves/reviews-and-tests/microwaves-2016
Disallow:/travel/money/travel-insurance/reviews-and-comparisons/travel-insurance-2016
Disallow:/electronics-and-technology/computers/desktop-and-laptop-computers/reviews-and-tests/desktop-computers-2016
Disallow:/electronics-and-technology/cameras/video-cameras/old/video-cameras-2016
Disallow:/electronics-and-technology/cameras/video-cameras/reviews-and-tests/hd-action-cameras-2016
Disallow:/electronics-and-technology/tablets-and-personal-media-devices/tablets/reviews-and-tests/tablet-computers-2016	
Disallow:/electronics-and-technology/home-entertainment/personal-listening/reviews-and-tests/wireless-noise-cancelling-headphones-2016
Disallow:/health-and-body/diet-and-fitness/weight-loss/reviews-and-tests/body-fat-scales-2016
Disallow:/home-and-living/laundry-and-cleaning/vacuum-cleaners/old/stick-vacuums-2016
Disallow:/electronics-and-technology/home-entertainment/tvs-and-projectors/old/home-theatre-projectors-2016
Disallow:/compareall/*
Disallow:/compare/*
Disallow:/member-offers/2016/bing-lee-march
Disallow:/food-and-drink/articles/how-free-range-are-your-eggs
Disallow:/member/membership-options-summary
Disallow:/page-not-found
Disallow:/membership/renew-membership
Disallow:/member/already-premium-member
Disallow:/member/checkout/contact-choice
Disallow:/newHome#
Disallow:/newHome
Disallow:/maintenance
Disallow:/shopping/everyday-shopping/ethical-buying-and-giving/articles/human-chains-in-the-supply-chain
