User-agent: *
Disallow: /about-us/contact-us/contact-namibia.html
Disallow: /about-us/contact-us/contact-namibia/
Disallow: /business-customers/aviation/aeroshell/fly-above-the-rest.html
Disallow: /business-customers/aviation/aeroshell/fly-above-the-rest/
Disallow: /business-customers/chemicals/our-products/solvents-hydrocarbon/pentanes.html
Disallow: /business-customers/chemicals/our-products/solvents-hydrocarbon/pentanes/
Disallow: /business-customers/chemicals/our-products/styrene-monomer.html
Disallow: /business-customers/chemicals/our-products/styrene-monomer/
Disallow: /business-customers/chemicals/safe-product-handling-and-transportation/chemicals-safety-data-sheets/test.html
Disallow: /business-customers/chemicals/safe-product-handling-and-transportation/chemicals-safety-data-sheets/test/
Disallow: /business-customers/global-solutions/featured-stories.html
Disallow: /business-customers/global-solutions/featured-stories/
Disallow: /business-customers/lubricants-for-business/aviation.html
Disallow: /business-customers/lubricants-for-business/aviation/
Disallow: /business-customers/lubricants-for-business/data-sheets-redirect-to-epc-shell-com.html
Disallow: /business-customers/lubricants-for-business/data-sheets-redirect-to-epc-shell-com/
Disallow: /business-customers/lubricants-for-business/find-the-right-oil-redirect-to-lubematch-shell-com.html
Disallow: /business-customers/lubricants-for-business/find-the-right-oil-redirect-to-lubematch-shell-com/
Disallow: /business-customers/lubricants-for-business/lubechat-market.html
Disallow: /business-customers/lubricants-for-business/lubechat-market/
Disallow: /business-customers/trading-and-supply/trading/shell-energy-europe/meet-shell-energy-europe-german-version.html
Disallow: /business-customers/trading-and-supply/trading/shell-energy-europe/meet-shell-energy-europe-german-version/
Disallow: /business-customers/trading-and-supply/trading/shell-energy-europe/meet-shell-energy-europe.html
Disallow: /business-customers/trading-and-supply/trading/shell-energy-europe/meet-shell-energy-europe/
Disallow: /business-customers/trading-and-supply/trading/shell-energy-europe/season-greetings.html
Disallow: /business-customers/trading-and-supply/trading/shell-energy-europe/season-greetings/
Disallow: /careers/careers-shell-mobile-app-survey.html
Disallow: /careers/careers-shell-mobile-app-survey/
Disallow: /careers/life-at-shell/graduate-stories/top-tips-for-a-successful-career.html
Disallow: /careers/life-at-shell/graduate-stories/top-tips-for-a-successful-career/
Disallow: /careers/life-at-shell/graduate-stories/top-tips-for-a-successful-career1.html
Disallow: /careers/life-at-shell/graduate-stories/top-tips-for-a-successful-career1/
Disallow: /careers/shell-hr-recruitment-app-privacy-policy.html
Disallow: /careers/shell-hr-recruitment-app-privacy-policy/
Disallow: /careers/shell-open-resourcing.html
Disallow: /careers/shell-open-resourcing/
Disallow: /energy-and-innovation/shell-ecomarathon/challenger-events/brazil/sem-2016-questionnaire.html
Disallow: /energy-and-innovation/shell-ecomarathon/challenger-events/brazil/sem-2016-questionnaire/
Disallow: /energy-and-innovation/the-energy-future/future-cities/city-innovation/a-tale-of-two-dams.html
Disallow: /energy-and-innovation/the-energy-future/future-cities/city-innovation/a-tale-of-two-dams/
Disallow: /energy-and-innovation/the-energy-future/future-cities/city-innovation/clearing-the-skies-with-natural-gas.html
Disallow: /energy-and-innovation/the-energy-future/future-cities/city-innovation/clearing-the-skies-with-natural-gas/
Disallow: /energy-and-innovation/the-energy-future/future-cities/city-innovation/driving-the-future-of-mobility.html
Disallow: /energy-and-innovation/the-energy-future/future-cities/city-innovation/driving-the-future-of-mobility/
Disallow: /energy-and-innovation/the-energy-future/future-cities/city-innovation/japans-energy-transition.html
Disallow: /energy-and-innovation/the-energy-future/future-cities/city-innovation/japans-energy-transition/
Disallow: /energy-and-innovation/the-energy-future/future-cities/city-innovation/protecting-coastal-cities.html
Disallow: /energy-and-innovation/the-energy-future/future-cities/city-innovation/protecting-coastal-cities/
Disallow: /energy-and-innovation/the-energy-future/future-cities/city-innovation/supporting-city-resilience-in-the-philippines.html
Disallow: /energy-and-innovation/the-energy-future/future-cities/city-innovation/supporting-city-resilience-in-the-philippines/
Disallow: /energy-and-innovation/the-energy-future/future-cities/city-innovation/the-building-blocks-of-smart-cities.html
Disallow: /energy-and-innovation/the-energy-future/future-cities/city-innovation/the-building-blocks-of-smart-cities/
Disallow: /energy-and-innovation/the-energy-future/future-cities/city-innovation/the-role-of-natural-gas-in-cities.html
Disallow: /energy-and-innovation/the-energy-future/future-cities/city-innovation/the-role-of-natural-gas-in-cities/
Disallow: /external-redirects/24hourscardservice.html
Disallow: /external-redirects/24hourscardservice/
Disallow: /external-redirects/BRANDCENTRAL.html
Disallow: /external-redirects/BRANDCENTRAL/
Disallow: /external-redirects/Berrechemicals.html
Disallow: /external-redirects/Berrechemicals/
Disallow: /external-redirects/ESERVE.html
Disallow: /external-redirects/ESERVE/
Disallow: /external-redirects/FrancePortal.html
Disallow: /external-redirects/FrancePortal/
Disallow: /external-redirects/Geismarchemicals.html
Disallow: /external-redirects/Geismarchemicals/
Disallow: /external-redirects/InsightBrowser.html
Disallow: /external-redirects/InsightBrowser/
Disallow: /external-redirects/Investigator.html
Disallow: /external-redirects/Investigator/
Disallow: /external-redirects/Life-SavingRulesContractor.html
Disallow: /external-redirects/Life-SavingRulesContractor/
Disallow: /external-redirects/REALENERGY.html
Disallow: /external-redirects/REALENERGY/
Disallow: /external-redirects/aeroclass.html
Disallow: /external-redirects/aeroclass/
Disallow: /external-redirects/alumni.html
Disallow: /external-redirects/alumni/
Disallow: /external-redirects/alunmi.html
Disallow: /external-redirects/alunmi/
Disallow: /external-redirects/americas.html
Disallow: /external-redirects/americas/
Disallow: /external-redirects/annualreport.html
Disallow: /external-redirects/annualreport/
Disallow: /external-redirects/answerlab.html
Disallow: /external-redirects/answerlab/
Disallow: /external-redirects/ar-es.html
Disallow: /external-redirects/ar-es/
Disallow: /external-redirects/aviation.html
Disallow: /external-redirects/aviation/
Disallow: /external-redirects/be.html
Disallow: /external-redirects/be/
Disallow: /external-redirects/bg.html
Disallow: /external-redirects/bg/
Disallow: /external-redirects/biofuels_on_youtube.html
Disallow: /external-redirects/biofuels_on_youtube/
Disallow: /external-redirects/brandcentral.html
Disallow: /external-redirects/brandcentral/
Disallow: /external-redirects/briberyprimer.html
Disallow: /external-redirects/briberyprimer/
Disallow: /external-redirects/businesscentre.html
Disallow: /external-redirects/businesscentre/
Disallow: /external-redirects/bwa-opinion.html
Disallow: /external-redirects/bwa-opinion/
Disallow: /external-redirects/ca.html
Disallow: /external-redirects/ca/
Disallow: /external-redirects/canadaparticipants.html
Disallow: /external-redirects/canadaparticipants/
Disallow: /external-redirects/caradol.html
Disallow: /external-redirects/caradol/
Disallow: /external-redirects/cards.html
Disallow: /external-redirects/cards/
Disallow: /external-redirects/careers-en.html
Disallow: /external-redirects/careers-en/
Disallow: /external-redirects/careers.html
Disallow: /external-redirects/careers/
Disallow: /external-redirects/ceo_intro_on_youtube.html
Disallow: /external-redirects/ceo_intro_on_youtube/
Disallow: /external-redirects/chemicals.html
Disallow: /external-redirects/chemicals/
Disallow: /external-redirects/childlabourprimer.html
Disallow: /external-redirects/childlabourprimer/
Disallow: /external-redirects/china.html
Disallow: /external-redirects/china/
Disallow: /external-redirects/chinaportal.html
Disallow: /external-redirects/chinaportal/
Disallow: /external-redirects/civ-opinion.html
Disallow: /external-redirects/civ-opinion/
Disallow: /external-redirects/clubplatinum.html
Disallow: /external-redirects/clubplatinum/
Disallow: /external-redirects/cnbc.html
Disallow: /external-redirects/cnbc/
Disallow: /external-redirects/code-of-conduct.html
Disallow: /external-redirects/code-of-conduct/
Disallow: /external-redirects/contact-belize.html
Disallow: /external-redirects/contact-belize/
Disallow: /external-redirects/contact-guyana.html
Disallow: /external-redirects/contact-guyana/
Disallow: /external-redirects/contact-suriname.html
Disallow: /external-redirects/contact-suriname/
Disallow: /external-redirects/corporate.html
Disallow: /external-redirects/corporate/
Disallow: /external-redirects/cp.html
Disallow: /external-redirects/cp/
Disallow: /external-redirects/customerlounge.html
Disallow: /external-redirects/customerlounge/
Disallow: /external-redirects/cww.html
Disallow: /external-redirects/cww/
Disallow: /external-redirects/dcard-en.html
Disallow: /external-redirects/dcard-en/
Disallow: /external-redirects/deepwater_on_youtube.html
Disallow: /external-redirects/deepwater_on_youtube/
Disallow: /external-redirects/dialogues.html
Disallow: /external-redirects/dialogues/
Disallow: /external-redirects/dk-da.html
Disallow: /external-redirects/dk-da/
Disallow: /external-redirects/driventoextremes.html
Disallow: /external-redirects/driventoextremes/
Disallow: /external-redirects/dubai.html
Disallow: /external-redirects/dubai/
Disallow: /external-redirects/ducati.html
Disallow: /external-redirects/ducati/
Disallow: /external-redirects/e-quip.html
Disallow: /external-redirects/e-quip/
Disallow: /external-redirects/eHaulier.html
Disallow: /external-redirects/eHaulier/
Disallow: /external-redirects/eServe.html
Disallow: /external-redirects/eServe/
Disallow: /external-redirects/ehaulier.html
Disallow: /external-redirects/ehaulier/
Disallow: /external-redirects/energy.html
Disallow: /external-redirects/energy/
Disallow: /external-redirects/energy_run.html
Disallow: /external-redirects/energy_run/
Disallow: /external-redirects/energyexplorer.html
Disallow: /external-redirects/energyexplorer/
Disallow: /external-redirects/energyexplorerflash.html
Disallow: /external-redirects/energyexplorerflash/
Disallow: /external-redirects/envandsociety.html
Disallow: /external-redirects/envandsociety/
Disallow: /external-redirects/es-en.html
Disallow: /external-redirects/es-en/
Disallow: /external-redirects/eserve.html
Disallow: /external-redirects/eserve/
Disallow: /external-redirects/european.html
Disallow: /external-redirects/european/
Disallow: /external-redirects/euroshell.html
Disallow: /external-redirects/euroshell/
Disallow: /external-redirects/everydrop.html
Disallow: /external-redirects/everydrop/
Disallow: /external-redirects/extreme.html
Disallow: /external-redirects/extreme/
Disallow: /external-redirects/facebook-alaska.html
Disallow: /external-redirects/facebook-alaska/
Disallow: /external-redirects/facebook-careers.html
Disallow: /external-redirects/facebook-careers/
Disallow: /external-redirects/facebook-community.html
Disallow: /external-redirects/facebook-community/
Disallow: /external-redirects/facebook-contest.html
Disallow: /external-redirects/facebook-contest/
Disallow: /external-redirects/facebook-ecomarathon.html
Disallow: /external-redirects/facebook-ecomarathon/
Disallow: /external-redirects/facebook-energymix.html
Disallow: /external-redirects/facebook-energymix/
Disallow: /external-redirects/facebook-futureenergy.html
Disallow: /external-redirects/facebook-futureenergy/
Disallow: /external-redirects/facebook-motorsport-us.html
Disallow: /external-redirects/facebook-motorsport-us/
Disallow: /external-redirects/facebook-motorsport.html
Disallow: /external-redirects/facebook-motorsport/
Disallow: /external-redirects/facebook-natgas.html
Disallow: /external-redirects/facebook-natgas/
Disallow: /external-redirects/facebook-otr.html
Disallow: /external-redirects/facebook-otr/
Disallow: /external-redirects/facebook.html
Disallow: /external-redirects/facebook/
Disallow: /external-redirects/ferrari.html
Disallow: /external-redirects/ferrari/
Disallow: /external-redirects/fi-fi.html
Disallow: /external-redirects/fi-fi/
Disallow: /external-redirects/forum.html
Disallow: /external-redirects/forum/
Disallow: /external-redirects/forums-en.html
Disallow: /external-redirects/forums-en/
Disallow: /external-redirects/fr-fr.html
Disallow: /external-redirects/fr-fr/
Disallow: /external-redirects/fuelsave_on_youtube.html
Disallow: /external-redirects/fuelsave_on_youtube/
Disallow: /external-redirects/gasdirect-en.html
Disallow: /external-redirects/gasdirect-en/
Disallow: /external-redirects/gcms-citrix.html
Disallow: /external-redirects/gcms-citrix/
Disallow: /external-redirects/gcms.html
Disallow: /external-redirects/gcms/
Disallow: /external-redirects/gha-opinion.html
Disallow: /external-redirects/gha-opinion/
Disallow: /external-redirects/globalsolutions.html
Disallow: /external-redirects/globalsolutions/
Disallow: /external-redirects/gr-el.html
Disallow: /external-redirects/gr-el/
Disallow: /external-redirects/gr.html
Disallow: /external-redirects/gr/
Disallow: /external-redirects/gri_external.html
Disallow: /external-redirects/gri_external/
Disallow: /external-redirects/groupstructure.html
Disallow: /external-redirects/groupstructure/
Disallow: /external-redirects/helix-facebook.html
Disallow: /external-redirects/helix-facebook/
Disallow: /external-redirects/hongkong-en.html
Disallow: /external-redirects/hongkong-en/
Disallow: /external-redirects/hsse.html
Disallow: /external-redirects/hsse/
Disallow: /external-redirects/hu-hu.html
Disallow: /external-redirects/hu-hu/
Disallow: /external-redirects/insightbrowser.html
Disallow: /external-redirects/insightbrowser/
Disallow: /external-redirects/intro_handbook_video.html
Disallow: /external-redirects/intro_handbook_video/
Disallow: /external-redirects/investigator.html
Disallow: /external-redirects/investigator/
Disallow: /external-redirects/investor.html
Disallow: /external-redirects/investor/
Disallow: /external-redirects/ken-opinion.html
Disallow: /external-redirects/ken-opinion/
Disallow: /external-redirects/key-projects.html
Disallow: /external-redirects/key-projects/
Disallow: /external-redirects/kraton.html
Disallow: /external-redirects/kraton/
Disallow: /external-redirects/letsgo.html
Disallow: /external-redirects/letsgo/
Disallow: /external-redirects/letters.html
Disallow: /external-redirects/letters/
Disallow: /external-redirects/livewire.html
Disallow: /external-redirects/livewire/
Disallow: /external-redirects/localreports.html
Disallow: /external-redirects/localreports/
Disallow: /external-redirects/lpg.html
Disallow: /external-redirects/lpg/
Disallow: /external-redirects/lu-en.html
Disallow: /external-redirects/lu-en/
Disallow: /external-redirects/lubeadvisor.html
Disallow: /external-redirects/lubeadvisor/
Disallow: /external-redirects/lubeanalyst.html
Disallow: /external-redirects/lubeanalyst/
Disallow: /external-redirects/lubeanalystadmin.html
Disallow: /external-redirects/lubeanalystadmin/
Disallow: /external-redirects/lubes-migarage.html
Disallow: /external-redirects/lubes-migarage/
Disallow: /external-redirects/lubes-warranty.html
Disallow: /external-redirects/lubes-warranty/
Disallow: /external-redirects/ma-en.html
Disallow: /external-redirects/ma-en/
Disallow: /external-redirects/ma.html
Disallow: /external-redirects/ma/
Disallow: /external-redirects/marine.html
Disallow: /external-redirects/marine/
Disallow: /external-redirects/maroc.html
Disallow: /external-redirects/maroc/
Disallow: /external-redirects/mdg-opinion.html
Disallow: /external-redirects/mdg-opinion/
Disallow: /external-redirects/mediacall_unification.html
Disallow: /external-redirects/mediacall_unification/
Disallow: /external-redirects/mntelections2007.html
Disallow: /external-redirects/mntelections2007/
Disallow: /external-redirects/mobile.html
Disallow: /external-redirects/mobile/
Disallow: /external-redirects/morocco/shellcard.html
Disallow: /external-redirects/morocco/shellcard/
Disallow: /external-redirects/motorsport.html
Disallow: /external-redirects/motorsport/
Disallow: /external-redirects/motorsportmedia.html
Disallow: /external-redirects/motorsportmedia/
Disallow: /external-redirects/mus-opinion.html
Disallow: /external-redirects/mus-opinion/
Disallow: /external-redirects/nam-opinion.html
Disallow: /external-redirects/nam-opinion/
Disallow: /external-redirects/neodol.html
Disallow: /external-redirects/neodol/
Disallow: /external-redirects/neoflo.html
Disallow: /external-redirects/neoflo/
Disallow: /external-redirects/new-releases.html
Disallow: /external-redirects/new-releases/
Disallow: /external-redirects/nz-en.html
Disallow: /external-redirects/nz-en/
Disallow: /external-redirects/oman.html
Disallow: /external-redirects/oman/
Disallow: /external-redirects/onesource.html
Disallow: /external-redirects/onesource/
Disallow: /external-redirects/onshore-operating-principles.html
Disallow: /external-redirects/onshore-operating-principles/
Disallow: /external-redirects/op_weg.html
Disallow: /external-redirects/op_weg/
Disallow: /external-redirects/outpost.html
Disallow: /external-redirects/outpost/
Disallow: /external-redirects/pearlgtl_on_youtube.html
Disallow: /external-redirects/pearlgtl_on_youtube/
Disallow: /external-redirects/pearlgtl_video.html
Disallow: /external-redirects/pearlgtl_video/
Disallow: /external-redirects/pensioenfonds.html
Disallow: /external-redirects/pensioenfonds/
Disallow: /external-redirects/pl-pl.html
Disallow: /external-redirects/pl-pl/
Disallow: /external-redirects/pluspoints.html
Disallow: /external-redirects/pluspoints/
Disallow: /external-redirects/preludeflng_video.html
Disallow: /external-redirects/preludeflng_video/
Disallow: /external-redirects/products.html
Disallow: /external-redirects/products/
Disallow: /external-redirects/questforoil.html
Disallow: /external-redirects/questforoil/
Disallow: /external-redirects/raizen_cosan_video.html
Disallow: /external-redirects/raizen_cosan_video/
Disallow: /external-redirects/realenergy.html
Disallow: /external-redirects/realenergy/
Disallow: /external-redirects/responsibleenergy.html
Disallow: /external-redirects/responsibleenergy/
Disallow: /external-redirects/rob.html
Disallow: /external-redirects/rob/
Disallow: /external-redirects/royaldutchmerger.html
Disallow: /external-redirects/royaldutchmerger/
Disallow: /external-redirects/saudi.html
Disallow: /external-redirects/saudi/
Disallow: /external-redirects/sbc.html
Disallow: /external-redirects/sbc/
Disallow: /external-redirects/scholarship.html
Disallow: /external-redirects/scholarship/
Disallow: /external-redirects/scholarships.html
Disallow: /external-redirects/scholarships/
Disallow: /external-redirects/scolestonia.html
Disallow: /external-redirects/scolestonia/
Disallow: /external-redirects/scollatvia.html
Disallow: /external-redirects/scollatvia/
Disallow: /external-redirects/scollithuania.html
Disallow: /external-redirects/scollithuania/
Disallow: /external-redirects/scotfordchem.html
Disallow: /external-redirects/scotfordchem/
Disallow: /external-redirects/scuderia-ferrari-uncovered.html
Disallow: /external-redirects/scuderia-ferrari-uncovered/
Disallow: /external-redirects/sen-opinion.html
Disallow: /external-redirects/sen-opinion/
Disallow: /external-redirects/sgdcustomer.html
Disallow: /external-redirects/sgdcustomer/
Disallow: /external-redirects/sharepoint-pdf.html
Disallow: /external-redirects/sharepoint-pdf/
Disallow: /external-redirects/shell-com-future-cities.html
Disallow: /external-redirects/shell-com-future-cities/
Disallow: /external-redirects/shell-energy-connect.html
Disallow: /external-redirects/shell-energy-connect/
Disallow: /external-redirects/shell-energy-transitions.html
Disallow: /external-redirects/shell-energy-transitions/
Disallow: /external-redirects/shell-guam.html
Disallow: /external-redirects/shell-guam/
Disallow: /external-redirects/shell-iceland.html
Disallow: /external-redirects/shell-iceland/
Disallow: /external-redirects/shellaviationcards.html
Disallow: /external-redirects/shellaviationcards/
Disallow: /external-redirects/shellgas.html
Disallow: /external-redirects/shellgas/
Disallow: /external-redirects/shellgasnz.html
Disallow: /external-redirects/shellgasnz/
Disallow: /external-redirects/shellreport98.html
Disallow: /external-redirects/shellreport98/
Disallow: /external-redirects/sk.html
Disallow: /external-redirects/sk/
Disallow: /external-redirects/socialperformancereview.html
Disallow: /external-redirects/socialperformancereview/
Disallow: /external-redirects/solvents.html
Disallow: /external-redirects/solvents/
Disallow: /external-redirects/spagrandprix.html
Disallow: /external-redirects/spagrandprix/
Disallow: /external-redirects/spsadcreationtool.html
Disallow: /external-redirects/spsadcreationtool/
Disallow: /external-redirects/sr2004-en.html
Disallow: /external-redirects/sr2004-en/
Disallow: /external-redirects/srcurrent.html
Disallow: /external-redirects/srcurrent/
Disallow: /external-redirects/stations.html
Disallow: /external-redirects/stations/
Disallow: /external-redirects/subscribe-to-rss.html
Disallow: /external-redirects/subscribe-to-rss/
Disallow: /external-redirects/supplierportal.html
Disallow: /external-redirects/supplierportal/
Disallow: /external-redirects/sustainabilityreport.html
Disallow: /external-redirects/sustainabilityreport/
Disallow: /external-redirects/talentcommunity.html
Disallow: /external-redirects/talentcommunity/
Disallow: /external-redirects/target1million.html
Disallow: /external-redirects/target1million/
Disallow: /external-redirects/tedx-webcast.html
Disallow: /external-redirects/tedx-webcast/
Disallow: /external-redirects/tightgas_video.html
Disallow: /external-redirects/tightgas_video/
Disallow: /external-redirects/twister.html
Disallow: /external-redirects/twister/
Disallow: /external-redirects/uga-opinion.html
Disallow: /external-redirects/uga-opinion/
Disallow: /external-redirects/uk-euroshell-bulk-data-download-changes.html
Disallow: /external-redirects/uk-euroshell-bulk-data-download-changes/
Disallow: /external-redirects/uk-euroshell-card-order-form-changes.html
Disallow: /external-redirects/uk-euroshell-card-order-form-changes/
Disallow: /external-redirects/uk-euroshell-eid-changes.html
Disallow: /external-redirects/uk-euroshell-eid-changes/
Disallow: /external-redirects/uk.html
Disallow: /external-redirects/uk/
Disallow: /external-redirects/unification.html
Disallow: /external-redirects/unification/
Disallow: /external-redirects/us.html
Disallow: /external-redirects/us/
Disallow: /external-redirects/v-power-turkey.html
Disallow: /external-redirects/v-power-turkey/
Disallow: /external-redirects/valor.html
Disallow: /external-redirects/valor/
Disallow: /external-redirects/voc-tunisia.html
Disallow: /external-redirects/voc-tunisia/
Disallow: /external-redirects/vpowerdiesel.html
Disallow: /external-redirects/vpowerdiesel/
Disallow: /external-redirects/well_manufacturing_video.html
Disallow: /external-redirects/well_manufacturing_video/
Disallow: /external-redirects/wssd.html
Disallow: /external-redirects/wssd/
Disallow: /external-redirects/youtube.html
Disallow: /external-redirects/youtube/
Disallow: /investors/environmental-social-and-governance/latest-sri-media-releases.html
Disallow: /investors/environmental-social-and-governance/latest-sri-media-releases/
Disallow: /investors/environmental-social-and-governance/sri-presentations.html
Disallow: /investors/environmental-social-and-governance/sri-presentations/
Disallow: /investors/financial-reporting/annual-publications/order-printed-annual-reports-forms.html
Disallow: /investors/financial-reporting/annual-publications/order-printed-annual-reports-forms/
Disallow: /investors/share-price-information/share-price-summary.html
Disallow: /investors/share-price-information/share-price-summary/
Disallow: /media/annual-reports-and-publications.html
Disallow: /media/annual-reports-and-publications/
Disallow: /media/follow-us/thank-you-for-signing-up.html
Disallow: /media/follow-us/thank-you-for-signing-up/
Disallow: /motorist/oils-lubricants/advance-for-motorcycles/hidden-reference-page-components.html
Disallow: /motorist/oils-lubricants/advance-for-motorcycles/hidden-reference-page-components/
Disallow: /promos.html
Disallow: /promos/
Disallow: /service/404.html
Disallow: /service/404/
Disallow: /service/disclaimer.html
Disallow: /service/disclaimer/
Disallow: /shared.html
Disallow: /shared/
Sitemap: http://www.shell.com/.sitemap.xml
