##############################################
# ROBOTS.TXT				                 
# City, University of London (www.city.ac.uk) 
# Allow all, except ....		             
##############################################

# all bots
User-agent: *
#
# snippet repositories - don't want these on search listings
Disallow: /testimonials
Disallow: /contacts
Disallow: /search
Disallow: /visit/feeds
Disallow: /visit/external-venues
Disallow: /call-to-action
Disallow: /web-services
Disallow: /apis
Disallow: /api
Disallow: /funnelback-api
Disallow: /to-delete
Disallow: /staging
Disallow: /squiz-testing
Disallow: /web-team-testing
Disallow: /conference-services
Disallow: /ref
Disallow: /ipsv
Disallow: /myoffer
Disallow: /__data/system
Disallow: /tools
Disallow: /sso-portal
#
# carousel folders
#
Disallow: /city-research-and-enterprise-review-2011/carousel
Disallow: /study/postgraduate/why-choose-city/student-life-in-london/carousel
Disallow: /arts-social-sciences/sociology/culture-creative-industries/carousel
Disallow: /arts-social-sciences/home/carousel2
Disallow: /building-the-vision/carousel
Disallow: /current-students/current-students-carousel
Disallow: /current-students/health-wellbeing-sport/student-health-service/health-service-carousel
Disallow: /about/education/academic-services/carousel-items
Disallow: /about/carousel-items
Disallow: /interdisciplinary-city/carousel-items
Disallow: /research/carousel-items2
#
# banner folders
#
Disallow: /interdisciplinary-city/city-collaborative-transport-hub/banner
Disallow: /egpr/banner
Disallow: /bas-symposium/banner
Disallow: /study/banner
Disallow: /staging/examples/facts-and-achievements/banner
Disallow: /medical-image-understanding-and-analysis-2014/banner
Disallow: /current-students/academic/banner
Disallow: /current-students/careers-and-work-experience/career-banner
Disallow: /current-students/health-wellbeing-sport/banner
Disallow: /digital-libraries-2014/banner
Disallow: /student-administration/student-survey/banner
Disallow: /arts-social-sciences/journalism/centre-for-english1234/crime-writing-competition/banner
Disallow: /arts-social-sciences/sociology/city-q-step-centre/banner
Disallow: /arts-social-sciences/centre-for-language-studies/banner
Disallow: https://www.city.ac.uk/law/research/centre-for-the-study-of-legal-professional-practice/banner
Disallow: /about/city-the-community-and-environment/reports-publications-statistics/banner
Disallow: /about/city-the-community-and-environment/policies-and-strategies/banner
Disallow: /owtnm-2015/banner
Disallow: /utsg-2015/banner
Disallow: /business-services/research-and-consultancy/banner
Disallow: /business-services/strategic-partnerships/banner
Disallow: https://www.city.ac.uk/law/research/jean-monnet-chair-in-european-law/banner
Disallow: /applicant/bridges-research/banner
Disallow: /arts-social-sciences/journalism/study-journalism-london/banner
Disallow: /iwssip-2015/banner
Disallow: /applicant/nhs-funding/banner
Disallow: /applicant/visiting-us/banner
Disallow: /applicant/career-support/banner
Disallow: /research/banner
Disallow: /about/city-local-community/banner
Disallow: /city-magazine-2015/banner
Disallow: /international/my-country/zambia/banner
Disallow: /international/my-country/ecuador/banner
Disallow: /international/my-country/jamaica/banner
Disallow: /international/my-country/cameroon/banner
Disallow: /international/my-country/angola/banner
Disallow: /international/my-country/serbia/banner
Disallow: /international/my-country/moldova/banner
Disallow: /international/my-country/argentina/banner
Disallow: /international/my-country/algeria/banner
Disallow: /international/my-country/portugal/banner
Disallow: /international/my-country/trinidad-and-tobago/banner
Disallow: /international/my-country/palestine/banner
Disallow: /study/short-courses/banner
Disallow: /study/short-courses/business-and-management/banner
Disallow: /study/short-courses/creative-industries/banner
Disallow: /study/short-courses/law/banner
Disallow: /study/short-courses/writing/banner
Disallow: /study/short-courses/computing/banner
Disallow: /study/short-courses/modern-languages/banner
Disallow: /sport-and-leisure/individual-sports/banner
Disallow: /avot/banner
Disallow: /9th-international-conference-physical-modelling-in-geotechnics-2018/banner
Disallow: /about/working-at-city/why-work-at-city/equality-diversity-inclusion/gender-equality/banner
Disallow: /applicant/facts-about-us/banner
Disallow: /applicant/meet-our-alumni/banner
Disallow: /mathematics-computer-science-engineering/research/centre-excellence-temporary-works-construction-method-engineering/banner
Disallow: /applicant/royal-albert-hall/banner
Disallow: /applicant/london-eye/banner
Disallow: /applicant/facebook/banner
Disallow: /applicant/google-campus/banner
Disallow: /people/banner
Disallow: /applicant/british-library/banner
Disallow: /applicant/churchill-war-rooms/banner
Disallow: /compressorsconference/2015-conference/banner
Disallow: /applicant/visiting-us/booking-form/banner
Disallow: /applicant/visiting-us/booking-form/thank-you-for-booking/banner
Disallow: /applicant/the-wellcome-trust/banner
Disallow: /applicant/visiting-us/booking-form-shs/thank-you-for-booking-shs/banner
Disallow: /applicant/visiting-us/booking-form-shs/banner
Disallow: /iarc-2016/banner
Disallow: /applicant/barbican-centre/banner
Disallow: /applicant/barbican/banner
Disallow: /applicant/freud-museum/banner
Disallow: /applicant/london-stock-exchange/banner
Disallow: /applicant/the-london-stock-exchange/banner
Disallow: /applicant/whitehall/banner
Disallow: /applicant/british-museum/banner
Disallow: /applicant/law-text-books/banner
Disallow: /applicant/institution-of-civil-engineers/banner
Disallow: /applicant/department-of-electrical-and-electronic-engineering-professional-placements/banner
Disallow: /applicant/sabir-zaman/banner
Disallow: /applicant/the-institute-of-psychoanalysis/banner
Disallow: /applicant/karl-marxs-tomb/banner
Disallow: /applicant/bank-of-england/banner
Disallow: /applicant/the-old-bailey/banner
Disallow: /applicant/michael-lashley/banner
Disallow: /applicant/national-union-of-journalists/banner
Disallow: /applicant/press-association/banner
Disallow: /applicant/english-academics/banner
Disallow: /applicant/bloomberg/banner
Disallow: /applicant/borough-market/banner
Disallow: /city-summer-sounds/city-summer-sounds-2015/banner
Disallow: /research-test/banner
Disallow: /applicant/goverment-economic-service/banner
Disallow: /applicant/internship-opportunities/banner
Disallow: /applicant/global-radio/banner2
Disallow: /applicant/bbc-headquarters/banner
Disallow: /applicant/bbc-broadcasting-house/banner
Disallow: /applicant/the-guardian-media-group/banner
Disallow: /applicant/news-uk/banner
Disallow: /applicant/journalism-study-abroad/banner
Disallow: /applicant/my-university-life/banner
Disallow: /applicant/literary-london/banner
Disallow: /applicant/my-first-week/banner
Disallow: /applicant/discovering-literary-london/banner
Disallow: /applicant/work-placements/banner
Disallow: /applicant/q-step-centre/banner
Disallow: /applicant/canary-wharf/banner
Disallow: /applicant/the-gherkin/banner2
Disallow: /applicant/institute-and-faculty-of-actuaries/banner
Disallow: /applicant/the-city-of-london/banner
Disallow: /applicant/institute-of-structural-engineers/banner
Disallow: /applicant/baker-and-mckenzie/banner
Disallow: /applicant/employability-module/banner
Disallow: /applicant/grace-webb/banner
Disallow: /applicant/homerton-hospital/banner2
Disallow: /applicant/nmc/banner
Disallow: /applicant/general-optical-council/banner
Disallow: /applicant/moorfields-eye-hospital/banner2
Disallow: /applicant/college-of-radiographers/banner
Disallow: /applicant/university-college-hospital/banner2
Disallow: /applicant/a-day-in-the-life-of-an-slt-student/banner
Disallow: /applicant/royal-college-of-speech-and-language-therapists/banner
Disallow: /applicant/cityconnect/banner
Disallow: /applicant/how-we-are-changing-the-world/banner2
Disallow: /applicant/Accommodation/banner
Disallow: /applicant/money-matters/banner
Disallow: /applicant/International-at-City/banner
Disallow: /applicant/tedx/banner
Disallow: /applicant/raising-and-giving/banner
Disallow: /applicant/performance-scholarships/banner
Disallow: /applicant/city-psychology-society/banner
Disallow: /applicant/studying-sociology-with-psychology/banner
Disallow: /applicant/psychology-pathways/banner
Disallow: /applicant/why-i-picked-city/banner
Disallow: /applicant/studying-criminology/banner
Disallow: /applicant/studying-economics/banner
Disallow: /applicant/bhangra-society/banner
Disallow: /applicant/music-in-london/banner
Disallow: /applicant/succeed-in-the-world-of-actuarial-science/banner
Disallow: /applicant/pre-sessional-maths-course/banner
Disallow: /applicant/cityjtips/banner
Disallow: /applicant/how-to-do-well-in-economics/banner
Disallow: /applicant/exam-tips/banner
Disallow: /applicant/getting-an-internship/banner
Disallow: /applicant/joe-howley/banner
Disallow: /applicant/reading-lists/banner2
Disallow: /applicant/optometry-tips/banner2
Disallow: /applicant/law-tips/banner2
Disallow: /applicant/mathematics-tips/banner2
Disallow: /applicant/computing-tips/banner2
Disallow: /applicant/mechanical-engineering-tips/banner3
Disallow: /applicant/student-tips/banner3
Disallow: /applicant/engineering-tips/banner3
Disallow: /applicant/academic-top-tips/banner3
Disallow: /applicant/cass-tips/banner3
Disallow: /applicant/economics-tips/banner3
Disallow: /applicant/music-tips/banner3
Disallow: /applicant/radiography-tips/banner3
Disallow: /applicant/nursing-tips/banner3
Disallow: /applicant/midwifery-tips/banner3
Disallow: /applicant/journalism-tips/banner3
Disallow: /applicant/speech-and-language-therapy-tips/banner3
Disallow: /applicant/psychology-tips/banner3
Disallow: /applicant/cass-tips2/banner3
Disallow: /applicant/the-book-of-secrets/banner2
Disallow: /international/exchange-and-study-abroad/study-abroad-programme/banner
Disallow: /olive-tree/banner
Disallow: /mathematics-computer-science-engineering/research/centre-for-human-computer-interaction-design/banner
Disallow: /prospectus/banner
Disallow: https://www.city.ac.uk/law/courses/banner
Disallow: https://www.city.ac.uk/law/careers/banner
Disallow: /schools-departments/banner
Disallow: /mathematics-computer-science-engineering/research/centre-for-software-reliability/banner
Disallow: /centre-for-law-justice-and-journalism/banner
Disallow: /compressorsconference/banner
#
# folders in the media image folder
#
Disallow: /_media/city-site/images/graduation
Disallow: /_media/city-site/images/study/accommodation
Disallow: /_media/city-site/images/news/bandstand/erasmus-mundus
Disallow: /_media/city-site/images/news/2011/august
Disallow: /_media/city-site/images/news/2011
Disallow: /_media/city-site/images/banner-images/cpd
Disallow: /_media/city-site/images/careers/buttons
Disallow: /_media/city-site/images/news/2011/september
Disallow: /_media/city-site/images/events/uk-universities-pg-open-event
Disallow: /_media/city-site/images/careers/buttons/skinny
Disallow: /_media/city-site/images/for-business/incubator-pages
Disallow: /_media/city-site/images/interdisciplinary-centres/centre-for-performance-at-work/political-mentoring-toolkit
Disallow: /_media/city-site/images/carousel-images/ldc
Disallow: /_media/city-site/images/interdisciplinary-centres/centre-for-performance-at-work/political-mentoring-toolkit/email
Disallow: /_media/city-site/images/for-business/research-and-enterprise
Disallow: /_media/city-site/images/for-business/research-and-enterprise/crops
Disallow: /_media/city-site/images/carousel-images/research-and-enterprise-review-2011
Disallow: /_media/city-site/images/sems-and-soi/egpr
Disallow: /_media/city-site/images/banner-images/scholarships
Disallow: /_media/city-site/images/scholarships
Disallow: /_media/city-site/images/for-business/cityspark
Disallow: /_media/city-site/images/news/2011/october
Disallow: /_media/city-site/images/carousel-images/nhsl
Disallow: /_media/city-site/images/itunesu
Disallow: /_media/city-site/images/banner-images/ldc
Disallow: /_media/city-site/images/news/2011/november
Disallow: /_media/city-site/images/arts-and-social-sciences/front-covers
Disallow: /_media/city-site/images/sems-and-soi/egpr/new-images
Disallow: /_media/city-site/images/carousel-images/itunesu
Disallow: /_media/city-site/images/study/why-study-at-city/services-for-students
Disallow: /_media/city-site/images/carousel-images/student-centre
Disallow: /_media/city-site/images/informatics/centre-for-interactive-systems-research
Disallow: /_media/city-site/images/informatics/information-science
Disallow: /_media/city-site/images/carousel-images/health/food-policy
Disallow: /_media/city-site/images/sems-and-soi/games-tech
Disallow: /_media/city-site/images/news/2011/december
Disallow: /_media/city-site/images/carousel-images/sports-centre-website-holding-page
Disallow: /_media/city-site/images/city-sports/city-sports-centre
Disallow: /_media/city-site/images/community-and-health/staff
Disallow: /_media/city-site/images/news/2012/january
Disallow: /_media/city-site/images/news/2012
Disallow: /_media/city-site/images/library
Disallow: /_media/city-site/images/upgrade
Disallow: /_media/city-site/images/community-and-health/staff/centre-for-food-policy
Disallow: /_media/city-site/images/visit/computer-rooms
Disallow: /_media/city-site/images/arts/creative-writing/book-jackets
Disallow: /_media/city-site/images/arts/creative-writing/portraits
Disallow: /_media/city-site/images/arts/creative-writing/screenplay-posters
Disallow: /_media/city-site/images/arts/creative-writing/hallway-pages
Disallow: /_media/city-site/images/carousel-images/school-of-arts/creative-writing
Disallow: /_media/city-site/images/news/2012/february
Disallow: /_media/city-site/images/about/graduation/honorary-graduates-2012
Disallow: /_media/city-site/images/for-business/business-services
Disallow: /_media/city-site/images/social-media-logos2
Disallow: /_media/city-site/images/news/2012/march
Disallow: /_media/city-site/images/prospectuses
Disallow: /_media/city-site/images/centre-for-law,-justice-and-journalism
Disallow: /_media/city-site/images/for-business/enterprise-and-education
Disallow: /_media/city-site/images/courses/short-courses/writing
Disallow: /_media/city-site/images/city-review/city-review-2011
Disallow: /_media/city-site/images/sems-and-soi/tait
Disallow: /_media/city-site/images/city-review/city-review-2011/crops
Disallow: /_media/city-site/images/news/2012/april
Disallow: /_media/city-site/images/engineering-and-maths/gallery-1
Disallow: /_media/city-site/images/engineering-and-maths/gallery-2
Disallow: /_media/city-site/images/engineering-and-maths/gallery-3
Disallow: /_media/city-site/images/informatics/gallery-1
Disallow: /_media/city-site/images/ldc
Disallow: /_media/city-site/images/library/home-featured
Disallow: /_media/city-site/images/news/2012/may
Disallow: /_media/city-site/images/study/london
Disallow: /_media/city-site/images/induction-2012
Disallow: /_media/city-site/images/study/local-area
Disallow: /_media/city-site/images/digital-shoreditch
Disallow: /_media/city-site/images/graduation/academic-dress
Disallow: /_media/city-site/images/study/funding
Disallow: /_media/city-site/images/study/buildings
Disallow: /_media/city-site/images/alumni/city-future-fund/hallway
Disallow: /_media/city-site/images/study/ug-hallway
Disallow: /_media/city-site/images/news/2012/june
Disallow: /_media/city-site/images/library/hallway
Disallow: /_media/city-site/images/carousel-images/new-students
Disallow: /_media/city-site/images/induction-2012/welcome-week-2012
Disallow: /_media/city-site/images/banner-images/new-students-welcome-week
Disallow: /_media/city-site/images/olive-tree-programme/people
Disallow: /_media/city-site/images/olive-tree-programme/people/people_widgets
Disallow: /_media/city-site/images/carousel-images/olive-tree
Disallow: /_media/city-site/images/banner-images/olive-tree
Disallow: /_media/city-site/images/olive-tree-programme/hallway
Disallow: /_media/city-site/images/news/2012/november
Disallow: /_media/city-site/images/news/2012/july
Disallow: /_media/city-site/images/news/2012/august
Disallow: /_media/city-site/images/news/2012/september
Disallow: /_media/city-site/images/news/2012/october
Disallow: /_media/city-site/images/news/2012/december
Disallow: /_media/city-site/images/olive-tree
Disallow: /_media/city-site/images/olive-tree-programme/what-do-we-do
Disallow: /_media/city-site/images/olive-tree-programme/how-can-you-help
Disallow: /_media/city-site/images/about/facts-and-achievements/our-history
Disallow: /_media/city-site/images/arts-and-social-sciences/campaign-images
Disallow: /_media/city-site/images/city-graduate-school
Disallow: /_media/city-site/images/carousel-images/clearing
Disallow: /_media/city-site/images/alumni/international-groups/volunteers
Disallow: /_media/city-site/images/courses/professional-bodies-logos
Disallow: /_media/city-site/images/arts/creative-writing/hallway-pages/new-design/lecturers
Disallow: /_media/city-site/images/arts/creative-writing/hallway-pages/new-design
Disallow: /_media/city-site/images/alumni/city-future-fund/hallway/hallway-new-design
Disallow: /_media/city-site/images/arts/creative-writing/hallway-pages/new-design/courses
Disallow: /_media/city-site/images/arts/creative-writing/hallway-pages/new-design/you-will-be-taught-by
Disallow: /_media/city-site/images/carousel-images/enterprise-education/cityspark
Disallow: /_media/city-site/images/arts/creative-writing/hallway-pages/new-design/guest-lecturers-temporary
Disallow: /_media/city-site/images/carousel-images/enterprise-education
Disallow: /_media/city-site/images/about/education/quality-manual
Disallow: /_media/city-site/images/about/quality-manual
Disallow: /_media/city-site/images/is
Disallow: /_media/city-site/images/banner-images/incubator
Disallow: /_media/city-site/images/study/ug-hallway/landing-page
Disallow: /_media/city-site/images/ldc/ma-programme
Disallow: /_media/city-site/images/environment
Disallow: /_media/city-site/images/banner-images/for-business/cityspark
Disallow: /_media/city-site/images/newsletters
Disallow: /_media/city-site/images/newsletters/ucas
Disallow: /_media/city-site/images/wellbeing/learn
Disallow: /_media/city-site/images/wellbeing/work
Disallow: /_media/city-site/images/wellbeing/live
Disallow: /_media/city-site/images/wellbeing
Disallow: /_media/city-site/images/wellbeing/eat
Disallow: /_media/city-site/images/student-centre
Disallow: /_media/city-site/images/alumni/development-office/legacy-fund
Disallow: /_media/city-site/images/about/facts-and-achievements/lord-mayors
Disallow: /_media/city-site/images/about/education/hallway-images
Disallow: /_media/city-site/images/alumni/alumni
Disallow: /_media/city-site/images/arts/equip
Disallow: /_media/city-site/images/strategic-plan
Disallow: /_media/city-site/images/arts-and-social-sciences/testimonials
Disallow: /_media/city-site/images/news/2013
Disallow: /_media/city-site/images/news/2013/january
Disallow: /_media/city-site/images/my-offer
Disallow: /_media/city-site/images/carousel-images/my-offer
Disallow: /_media/city-site/images/careers
Disallow: /_media/city-site/images/carousel-images/centre-for-creativity
Disallow: /_media/city-site/images/profiles/alumni
Disallow: /_media/city-site/images/profiles/staff
Disallow: /_media/city-site/images/profiles/associates
Disallow: /_media/city-site/images/profiles/students
Disallow: /_media/city-site/images/news/2013/february
Disallow: /_media/city-site/images/prospectuses/ugp2014
Disallow: /_media/city-site/images/news/2013/april
Disallow: /_media/city-site/images/news/2013/march
Disallow: /_media/city-site/images/study/accommodation/main-hallway
Disallow: /_media/city-site/images/study/accommodation/ug-hallway
Disallow: /_media/city-site/images/study/accommodation/pg-hallway
Disallow: /_media/city-site/images/about/city-information/annual-report-2012
Disallow: /_media/city-site/images/building-the-vision
Disallow: /_media/city-site/images/carousel-images/building-the-vision
Disallow: /_media/city-site/images/centre-for-creativity-in-professional-practice
Disallow: /_media/city-site/images/banner-images/events
Disallow: /_media/city-site/images/news/2013/may
Disallow: /_media/city-site/images/chancellors-dinner
Disallow: /_media/city-site/images/arts
Disallow: /_media/city-site/images/arts/journalism
Disallow: /_media/city-site/images/arts/centre-for-language-studies
Disallow: /_media/city-site/images/arts/music
Disallow: /_media/city-site/images/arts/centre-for-translation-studies
Disallow: /_media/city-site/images/arts/creative-writing
Disallow: /_media/city-site/images/arts/enterprise-and-community
Disallow: /_media/city-site/images/arts/research
Disallow: /_media/city-site/images/law
Disallow: /_media/city-site/images/engineering-and-maths
Disallow: /_media/city-site/images/engineering-and-maths/student-projects
Disallow: /_media/city-site/images/engineering-and-maths/research
Disallow: /_media/city-site/images/community-and-health
Disallow: /_media/city-site/images/social-sciences
Disallow: /_media/city-site/images/social-sciences/economics
Disallow: /_media/city-site/images/social-sciences/sociology
Disallow: /_media/city-site/images/social-sciences/psychology
Disallow: /_media/city-site/images/social-sciences/international-politics
Disallow: /_media/city-site/images/informatics
Disallow: /_media/city-site/images/informatics/computing
Disallow: /_media/city-site/images/informatics/information-services
Disallow: /_media/city-site/images/informatics/centre-for-software-reliability
Disallow: /_media/city-site/images/informatics/centre-for-health-informatics
Disallow: /_media/city-site/images/informatics/centre-for-hci
Disallow: /_media/city-site/images/informatics/professional-liason-unit
Disallow: /_media/city-site/images/arts/staff-profiles
Disallow: /_media/city-site/images/news/2013/june
Disallow: /_media/city-site/images/about/graduation/graduation-hallway
Disallow: /_media/city-site/images/about/graduation/photography-dvd-souvenirs-hallway
Disallow: /_media/city-site/images/about/graduation/your-ceremony-hallway
Disallow: /_media/city-site/images/arts-and-social-sciences/phd-student-pictures
Disallow: /_media/city-site/images/profiles
Disallow: /_media/city-site/images/estore
Disallow: /_media/city-site/images/study/responsive-hallways/study
Disallow: /_media/city-site/images/study/responsive-hallways
Disallow: /_media/city-site/images/international/hallways
Disallow: /_media/city-site/images/news/2013/july
Disallow: /_media/city-site/images/about/graduation/responsive-hallways
Disallow: /_media/city-site/images/about/graduation/responsive-hallways/your-ceremony
Disallow: /_media/city-site/images/about/graduation/responsive-hallways/photography-etc
Disallow: /_media/city-site/images/about/graduation/responsive-hallways/main
Disallow: /_media/city-site/images/for-business/the-hangout
Disallow: /_media/city-site/images/news/2013/august
Disallow: /_media/city-site/images/arts/creative-writing/hallway-pages/responsive-design/courses
Disallow: /_media/city-site/images/arts/creative-writing/hallway-pages/responsive-design/lecturers
Disallow: /_media/city-site/images/arts/creative-writing/hallway-pages/responsive-design/guest-lecturers
Disallow: /_media/city-site/images/arts/creative-writing/hallway-pages/responsive-design/you-will-be-taught-by
Disallow: /_media/city-site/images/arts/creative-writing/hallway-pages/responsive-design
Disallow: /_media/city-site/images/student-centre/responsive
Disallow: /_media/city-site/images/visit
Disallow: /_media/city-site/images/visit/campuses
Disallow: /_media/city-site/images/visit/campuses/northampton-square
Disallow: /_media/city-site/images/visit/campuses/northampton-square/college-building
Disallow: /_media/city-site/images/library/hallwayr
Disallow: /_media/city-site/images/library/home-featured-responsive
Disallow: /_media/city-site/images/international/meet-the-team
Disallow: /_media/city-site/images/alumni/city-magazine
Disallow: /_media/city-site/images/study/accommodation/private-accommodation
Disallow: /_media/city-site/images/study/accommodation/private-accommodation/hallway
Disallow: /_media/city-site/images/study/accommodation/private-accommodation/find-your-accommodation-hallway
Disallow: /_media/city-site/images/money-matters
Disallow: /_media/city-site/images/campaigns
Disallow: /_media/city-site/images/campaigns/scholarships
Disallow: /_media/city-site/images/news/2013/november
Disallow: /_media/city-site/images/clearing
Disallow: /_media/city-site/images/news/2013/september
Disallow: /_media/city-site/images/news/2013/october
Disallow: /_media/city-site/images/news/2013/december
Disallow: /_media/city-site/images/careers/recruiters/logos
Disallow: /_media/city-site/images/news
Disallow: /_media/city-site/images/arts/creative-writing/responsive
Disallow: /_media/city-site/images/current-students/health-information-zone
Disallow: /_media/city-site/images/current-students
Disallow: /_media/city-site/images/current-students/accommodation
Disallow: /_media/city-site/images/careers/professional-mentoring
Disallow: /_media/city-site/images/careers/widening-participation
Disallow: /_media/city-site/images/events/featured-events
Disallow: /_media/city-site/images/engineering-and-maths/staff
Disallow: /_media/city-site/images/current-students/schools
Disallow: /_media/city-site/images/carousel-images/current-students
Disallow: /_media/city-site/images/banner-images/alumni/current-students
Disallow: /_media/city-site/images/events/2012
Disallow: /_media/city-site/images/events/2013
Disallow: /_media/city-site/images/induction-2012/welcome-week-2013
Disallow: /_media/city-site/images/academic-experts
Disallow: /_media/city-site/images/carousel-images/events
Disallow: /_media/city-site/images/banner-images/conferences
Disallow: /_media/city-site/images/news/2014
Disallow: /_media/city-site/images/city-sports/captain-profiles-2013
Disallow: /_media/city-site/images/arts-and-social-sciences/cognitive-neuroscience-research-unit
Disallow: /_media/city-site/images/about/facts-and-achievements/lords-mayors-show
Disallow: /_media/city-site/images/prospectuses/ugp2014/responsive
Disallow: /_media/city-site/images/about/facts-and-achievements/lords-mayors-show/2013
Disallow: /_media/city-site/images/campaigns/email
Disallow: /_media/city-site/images/current-students/well
Disallow: /_media/city-site/images/health
Disallow: /_media/city-site/images/my-offer/hallway-images
Disallow: /_media/city-site/images/my-offer/hallway-images/what-next
Disallow: /_media/city-site/images/my-offer/hallway-images/international
Disallow: /_media/city-site/images/my-offer/hallway-images/our-university
Disallow: /_media/city-site/images/my-offer/hallway-images/parents-and-guardians
Disallow: /_media/city-site/images/my-offer/hallway-images/our-students
Disallow: /_media/city-site/images/my-offer/hallway-images/your-future
Disallow: /_media/city-site/images/my-offer/hallway-images/london
Disallow: /_media/city-site/images/profiles/honorary-graduates
Disallow: /_media/city-site/images/events/2014
Disallow: /_media/city-site/images/news/2014/january
Disallow: /_media/city-site/images/visit/timetabling
Disallow: /_media/city-site/images/visit/timetabling/cass
Disallow: /_media/city-site/images/visit/timetabling/centenary
Disallow: /_media/city-site/images/visit/timetabling/drysdale
Disallow: /_media/city-site/images/visit/timetabling/myddelton
Disallow: /_media/city-site/images/visit/timetabling/parkes
Disallow: /_media/city-site/images/visit/timetabling/tait
Disallow: /_media/city-site/images/visit/timetabling/university
Disallow: /_media/city-site/images/visit/timetabling/college
Disallow: /_media/city-site/images/visit/timetabling/social-siences
Disallow: /_media/city-site/images/news/2014/cambridge-spies-microsite
Disallow: /_media/city-site/images/news/2014/february
Disallow: /_media/city-site/images/news/2014/may
Disallow: /_media/city-site/images/news/2014/october
Disallow: /_media/city-site/images/news/2014/march
Disallow: /_media/city-site/images/news/2014/april
Disallow: /_media/city-site/images/news/2014/june
Disallow: /_media/city-site/images/news/2014/july
Disallow: /_media/city-site/images/news/2014/august
Disallow: /_media/city-site/images/news/2014/december
Disallow: /_media/city-site/images/news/2014/september
Disallow: /_media/city-site/images/news/2014/november
Disallow: /_media/city-site/images/carousel-images/research-and-enterprise-review-2012
Disallow: /_media/city-site/images/departments,-centres,-groups-and-units
Disallow: /_media/city-site/images/international-pages
Disallow: /_media/city-site/images/current-students/student-survey
Disallow: /_media/city-site/images/banner-images/food-policy
Disallow: /_media/city-site/images/carousel-images/school-of-social-sciences/school-of-arts-and-social-science
Disallow: /_media/city-site/images/subjects
Disallow: /_media/city-site/images/news/spotlight-on-research
Disallow: /_media/city-site/images/gofit
Disallow: /_media/city-site/images/about/annual-rep
Disallow: /_media/city-site/images/arts-and-social-sciences/research-images
Disallow: /_media/city-site/images/carousel-images/school-of-arts/department-of-culture-and-creative-industries
Disallow: /_media/city-site/images/study/student-support
Disallow: /_media/city-site/images/arts-and-social-sciences/department-of-psychology
Disallow: /_media/city-site/images/study/funding2
Disallow: /_media/city-site/images/arts-and-social-sciences/department-of-psychology/phd-students
Disallow: /_media/city-site/images/for-business/hallway-images
Disallow: /_media/city-site/images/people/hallway-images
Disallow: /_media/city-site/images/international/hallway-eu-campaign
Disallow: /_media/city-site/images/study/why-study-at-city/why-choose-city
Disallow: /_media/city-site/images/careers/staff-profile-images
Disallow: /_media/city-site/images/arts-and-social-sciences/department-of-cci
Disallow: /_media/city-site/images/carousel-images/school-of-arts/department-of-music
Disallow: /_media/city-site/images/law/carousel-slide-images
Disallow: /_media/city-site/images/visit/accomodation
Disallow: /_media/city-site/images/catch-all
Disallow: /_media/city-site/images/international/hallway-pre-arrival-guide
Disallow: /_media/city-site/images/visit/campuses/bunhill-row
Disallow: /_media/city-site/images/visit/campuses/northampton-square/social-science-building
Disallow: /_media/city-site/images/visit/campuses/northampton-square/tait
Disallow: /_media/city-site/images/departments,-centres,-groups-and-units/sass
Disallow: /_media/city-site/images/banner-images/sass
Disallow: /_media/city-site/images/induction-2012/carousel-slides
Disallow: /_media/city-site/images/community-and-health/city-health
Disallow: /_media/city-site/images/courses
Disallow: /_media/city-site/images/events
Disallow: /_media/city-site/images/media
Disallow: /_media/city-site/images/research
Disallow: /_media/city-site/images/alumni
Disallow: /_media/city-site/images/about
Disallow: /_media/city-site/images/contact
Disallow: /_media/city-site/images/banner-images/centre-for-language-studies
Disallow: /_media/city-site/images/conference
Disallow: /_media/city-site/images/for-business
Disallow: /_media/city-site/images/international
Disallow: /_media/city-site/images/community-and-health/events
Disallow: /_media/city-site/images/community-and-health/undergraduate
Disallow: /_media/city-site/images/community-and-health/postgraduate
Disallow: /_media/city-site/images/community-and-health/research-and-knowledge-transfer
Disallow: /_media/city-site/images/community-and-health/international
Disallow: /_media/city-site/images/community-and-health/cpd-lifelong-learning
Disallow: /_media/city-site/images/arts/cultural-policy-and-management
Disallow: /_media/city-site/images/arts/internships-and-placements
Disallow: /_media/city-site/images/arts/facilities
Disallow: /_media/city-site/images/arts/teaching-style
Disallow: /_media/city-site/images/study/ug-hallway/main
Disallow: /_media/city-site/images/engineering-and-maths/events
Disallow: /_media/city-site/images/engineering-and-maths/internships-and-placements
Disallow: /_media/city-site/images/engineering-and-maths/facilities
Disallow: /_media/city-site/images/engineering-and-maths/teaching-style
Disallow: /_media/city-site/images/news/2014/june/circus-for-senses
Disallow: /_media/city-site/images/ref-case-studies
Disallow: /_media/city-site/images/city-magazine
Disallow: /_media/city-site/images/city-sports/captain-profiles-2014
Disallow: /_media/city-site/images/alumni/city-magazine-alumni-events
Disallow: /_media/city-site/images/city-magazine2
Disallow: /_media/city-site/images/money-matters2
Disallow: /_media/city-site/images/law/courses/llm-landing-page
Disallow: /_media/city-site/images/open-days
Disallow: /_media/city-site/images/arts-and-social-sciences/dep-economics
Disallow: /_media/city-site/images/student-centre/logos
Disallow: /_media/city-site/images/events/cass-events
Disallow: /_media/city-site/images/arts-and-social-sciences/department-of-sociology
Disallow: /_media/city-site/images/events/cass-events/generic-event-images
Disallow: /_media/city-site/images/events/cass-events/featured-carousel
Disallow: /_media/city-site/images/events/cass-events/speakers
Disallow: /_media/city-site/images/current-students/student-portal
Disallow: /_media/city-site/images/carousel-images/school-of-social-sciences/food-centre
Disallow: /_media/city-site/images/postgraduate
Disallow: /_media/city-site/images/first-world-war-centenary
Disallow: /_media/city-site/images/current-students/campus-information
Disallow: /_media/city-site/images/for-business/case-studies
Disallow: /_media/city-site/images/first-world-war-centenary/start-of-ww1-centenary-event
Disallow: /_media/city-site/images/induction-2012/hallway
Disallow: /_media/city-site/images/law/research/centre-for-legal-professional-practice
Disallow: /_media/city-site/images/study/student-charter
Disallow: /_media/city-site/images/assetbank
Disallow: /_media/city-site/images/about2
Disallow: /_media/city-site/images/about2/sustainability-and-the-environment
Disallow: /_media/city-site/images/about2/get-involved
Disallow: /_media/city-site/images/about2/what-we-do
Disallow: /_media/city-site/images/about2/news
Disallow: /_media/city-site/images/departments,-centres,-groups-and-units/centre-for-language-studies
Disallow: /_media/city-site/images/about/legal
Disallow: /_media/city-site/images/owtnm-2015
Disallow: /_media/city-site/images/departments,-centres,-groups-and-units/q-step-centre
Disallow: /_media/city-site/images/international/exchange-programmes/hallway-incoming-students
Disallow: /_media/city-site/images/international/exchange-programmes/hallway-outgoing-students
Disallow: /_media/city-site/images/international/exchange-programmes/why-choose-city
Disallow: /_media/city-site/images/imges
Disallow: /_media/city-site/images/start-here/_i
Disallow: /_media/city-site/images/law/careers/pas-hallway
Disallow: /_media/city-site/images/my-offer/selfies
Disallow: /_media/city-site/images/non-academic-staff
Disallow: /_media/city-site/images/campaigns/cass-letters
Disallow: /_media/city-site/images/city-sport
Disallow: /_media/city-site/images/events/pg-recruitment
Disallow: /_media/city-site/images/homepage-new
Disallow: /_media/city-site/images/homepage-new/carousel
Disallow: /_media/city-site/images/lead
Disallow: /_media/city-site/images/carousel-images/citysport-website
Disallow: /_media/city-site/images/banner-images/citysport-website
Disallow: /_media/city-site/images/new-homepage
Disallow: /_media/city-site/images/call-to-action-images
Disallow: /_media/city-site/images/new-homepage/twin-element
Disallow: /_media/city-site/images/citysport/citysport-website-hallway
Disallow: /_media/city-site/images/citysport
Disallow: /_media/city-site/images/international/exchange-programmes/students
Disallow: /_media/city-site/images/engineering-and-maths/city-racing
Disallow: /_media/city-site/images/events/2015
Disallow: /_media/city-site/images/news/press-officers
Disallow: /_media/city-site/images/news/2015
Disallow: /_media/city-site/images/news/2015/january
Disallow: /_media/city-site/images/news/2015/february
Disallow: /_media/city-site/images/news/2015/march
Disallow: /_media/city-site/images/news/heroes/heroes-2015
Disallow: /_media/city-site/images/visit/campuses/franklin-building
Disallow: /_media/city-site/images/visit/timetabling/franklin
Disallow: /_media/city-site/images/engineering-and-maths/city-teched-hallway
Disallow: /_media/city-site/images/news/heroes/heroes-2015/january
Disallow: /_media/city-site/images/short-courses/our-tutors-hallway
Disallow: /_media/city-site/images/about/finance
Disallow: /_media/city-site/images/citysport/classes
Disallow: /_media/city-site/images/news/heroes/heroes-2015/february
Disallow: /_media/city-site/images/current-students/student-survey/carousel
Disallow: /_media/city-site/images/finance-hefce-project
Disallow: /_media/city-site/images/departments,-centres,-groups-and-units/rcces
Disallow: /_media/city-site/images/prospectuses/ug-people-2016
Disallow: /_media/city-site/images/im-starting/im-starting-col1
Disallow: /_media/city-site/images/im-starting/im-starting-col3
Disallow: /_media/city-site/images/im-starting/im-starting-col2
Disallow: /_media/city-site/images/start-here
Disallow: /_media/city-site/images/city-teched
Disallow: /_media/city-site/images/library/your-voice-our-action
Disallow: /_media/city-site/images/arts-and-social-sciences/journalism
Disallow: /_media/city-site/images/news/heroes/heroes-2015/march
Disallow: /_media/city-site/images/im-starting
Disallow: /_media/city-site/images/academic-experts/school-of-arts-and-social-sciences
Disallow: /_media/city-site/images/academic-experts/school-of-health-sciences
Disallow: /_media/city-site/images/academic-experts/school-of-mathematics,-computer-science-and-engineering
Disallow: /_media/city-site/images/academic-experts/the-city-law-school
Disallow: /_media/city-site/images/academic-experts/cass-business-school
Disallow: /_media/city-site/images/academic-experts/Other
Disallow: /_media/city-site/images/academic-experts/lead
Disallow: /_media/city-site/images/departments,-centres,-groups-and-units/systems-and-control
Disallow: /_media/city-site/images/departments,-centres,-groups-and-units/cenacs
Disallow: /_media/city-site/images/general-election-2015
Disallow: /_media/city-site/images/study/undergraduate/city-scholarships
Disallow: /_media/city-site/images/departments,-centres,-groups-and-units/photonics-and-instrumentation
Disallow: /_media/city-site/images/news/2015/april
Disallow: /_media/city-site/images/news/heroes/heroes-2015/april
Disallow: /_media/city-site/images/city-summer-sounds
Disallow: /_media/city-site/images/research/homepage-banner
Disallow: /_media/city-site/images/visit/catering
Disallow: /_media/city-site/images/departments,-centres,-groups-and-units/sass/cognition-and-development-centre
Disallow: /_media/city-site/images/city-sports/sport-and-leisure
Disallow: /_media/city-site/images/international/flags-new
Disallow: /_media/city-site/images/news/2015/may
Disallow: /_media/city-site/images/news/heroes/heroes-2015/may
Disallow: /_media/city-site/images/for-business/youtube-stills
Disallow: /_media/city-site/images/vc-awards
Disallow: /_media/city-site/images/vc-awards/excellence-in-learning-and-teaching
Disallow: /_media/city-site/images/vc-awards/outstanding-doctoral-supervision
Disallow: /_media/city-site/images/vc-awards/most-improved-student-experience
Disallow: /_media/city-site/images/vc-awards/outstanding-contribution-to-equality-and-diversity
Disallow: /_media/city-site/images/vc-awards/outstanding-contricution-to-the-local-community
Disallow: /_media/city-site/images/vc-awards/oustanding-engagement-with-business-and-professions
Disallow: /_media/city-site/images/vc-awards/outstanding-research-income
Disallow: /_media/city-site/images/vc-awards/oustandinf-research-impact
Disallow: /_media/city-site/images/vc-awards/team-of-the-year
Disallow: /_media/city-site/images/international/flags-new/other
Disallow: /_media/city-site/images/vc-awards/outstanding-service-in-support-of-students
Disallow: /_media/city-site/images/news/2015/june
Disallow: /_media/city-site/images/news/heroes/heroes-2015/june
Disallow: /_media/city-site/images/about/community
Disallow: /_media/city-site/images/departments,-centres,-groups-and-units/compressors
Disallow: /_media/city-site/images/induction-2012/welcome-week-2015
Disallow: /_media/city-site/images/events/2016
Disallow: /_media/city-site/images/news/2015/july
Disallow: /_media/city-site/images/study/ug-hallway/international-students
Disallow: /_media/city-site/images/study/ug-hallway/international-students/international-students-landing-page
Disallow: /_media/city-site/images/news/heroes/heroes-2015/july
Disallow: /_media/city-site/images/international/new-study-abroad-at-city
Disallow: /_media/city-site/images/banner-images/new-international-students
Disallow: /_media/city-site/images/banner-images/new-international-students/study-abroad-in-london
Disallow: /_media/city-site/images/international/living-in-london
Disallow: /_media/city-site/images/international/new-exchange-and-study-abroad
Disallow: /_media/city-site/images/alumni/city-magazine-2015
Disallow: /_media/city-site/images/study/ug-hallway/funding
Disallow: /_media/city-site/images/short-courses/short-courses-hallway
Disallow: /_media/city-site/images/banner-images/information-services
Disallow: /_media/city-site/images/induction-2012/welcome-week-2015/hallway-your-first-weeks
Disallow: /_media/city-site/images/short-courses/short-courses-banners
Disallow: /_media/city-site/images/carousel-images/new-students/2015
Disallow: /_media/city-site/images/study/accommodation/tuffnell-house
Disallow: /_media/city-site/images/city-sports/hallway
Disallow: /_media/city-site/images/departments,-centres,-groups-and-units/multiscale-geotechnical-engineering
Disallow: /_media/city-site/images/city-sports/sports-shots
Disallow: /_media/city-site/images/news/heroes/heroes-2015/august
Disallow: /_media/city-site/images/news/2015/august
Disallow: /_media/city-site/images/uol
Disallow: /_media/city-site/images/visit/timetabling/franklin2
Disallow: /_media/city-site/images/avot
Disallow: /_media/city-site/images/study/postgraduate/fiancial-support-hallway
Disallow: /_media/city-site/images/community-and-health/logos
Disallow: /_media/city-site/images/clearing/2015
Disallow: /_media/city-site/images/plu
Disallow: /_media/city-site/images/city-sports/individual-sports-2015
Disallow: /_media/city-site/images/news/heroes/heroes-2015/september
Disallow: /_media/city-site/images/news/2015/september
Disallow: /_media/city-site/images/short-courses-news
Disallow: /_media/city-site/images/student-and-academic-services
Disallow: /_media/city-site/images/about/vice-chancellor-and-president/exco
Disallow: /_media/city-site/images/study/visit-us/hallway
Disallow: /_media/city-site/images/about/graduation/photo-dvd-souvenir-hallway
Disallow: /_media/city-site/images/current-students/health-info-zone-hallway
Disallow: /_media/city-site/images/imges/your-future-hallway
Disallow: /_media/city-site/images/social-media-hub
Disallow: /_media/city-site/images/social-media-hub/accounts
Disallow: /_media/city-site/images/short-courses/hallway
Disallow: /_media/city-site/images/city-graduate-school/hallway
Disallow: /_media/city-site/images/citysport/citysport
Disallow: /_media/city-site/images/events/cass-events/aurore
Disallow: /_media/city-site/images/news/2015/october
Disallow: /_media/city-site/images/news/2015/november
Disallow: /_media/city-site/images/news/2015/december
Disallow: /_media/city-site/images/library/redesign-2015/home-2015/home-hallway
Disallow: /_media/city-site/images/made-at-city
Disallow: /_media/city-site/images/arts-and-social-sciences/music
Disallow: /_media/city-site/images/citysport/citysport/bin
Disallow: /_media/city-site/images/social-media-hub/type-icons
Disallow: /_media/city-site/images/social-media-hub/misc
Disallow: /_media/city-site/images/news/heroes/heroes-2015/october
Disallow: /_media/city-site/images/arts-and-social-sciences/department-of-sociology2
Disallow: /_media/city-site/images/intranet
Disallow: /_media/city-site/images/intranet/is-support
Disallow: /_media/city-site/images/intranet/is-support/home-box
Disallow: /_media/city-site/images/start-here/new
Disallow: /_media/city-site/images/news/heroes/heroes-2015/november
Disallow: /_media/city-site/images/start-here/new/maps
Disallow: /_media/city-site/images/library/redesign-2015/home-2015/home-articles
Disallow: /_media/city-site/images/library/redesign-2015/home-2015
Disallow: /_media/city-site/images/library/redesign-2015/home-2015/home-hallway/tempdev
Disallow: /_media/city-site/images/health/shs-hallway
Disallow: /_media/city-site/images/library/redesign-2015
Disallow: /_media/city-site/images/library/redesign-2015/resources
Disallow: /_media/city-site/images/departments,-centres,-groups-and-units/biomedical-engineering
Disallow: /_media/city-site/images/news/heroes/heroes-2015/december
Disallow: /_media/city-site/images/lead/hallways
Disallow: /_media/city-site/images/lead/hallways/landing-page
Disallow: /_media/city-site/images/lead/hallways/educational-development
Disallow: /_media/city-site/images/smcse
Disallow: /_media/city-site/images/smcse/fluid-dynamics
Disallow: /_media/city-site/images/start-here/featured-tiles
Disallow: /_media/city-site/images/smcse/mlg
Disallow: /_media/city-site/images/news/2016
Disallow: /_media/city-site/images/news/2016/january
Disallow: /_media/city-site/images/news/heroes/heroes-2016
Disallow: /_media/city-site/images/news/heroes
Disallow: /_media/city-site/images/news/heroes/heroes-2016/january
Disallow: /_media/city-site/images/news/miscellaneous-files
Disallow: /_media/city-site/images/intranet/is-support/hallway
Disallow: /_media/city-site/images/graduation/2016
Disallow: /_media/city-site/images/international-womens-day
Disallow: /_media/city-site/images/news/heroes/heroes-2016/february
Disallow: /_media/city-site/images/news/2016/february
Disallow: /_media/city-site/images/banner-images/iarc
Disallow: /_media/city-site/images/smcse/civil-engineering
Disallow: /_media/city-site/images/study/undergraduate/hallway
Disallow: /_media/city-site/images/lead/hallways/events
Disallow: /_media/city-site/images/lead/hallways/qualifications
Disallow: /_media/city-site/images/accreditations
Disallow: /_media/city-site/images/lead/hallways/educational-technology
Disallow: /_media/city-site/images/plu/logos
Disallow: /_media/city-site/images/study/postgraduate/hallway
Disallow: /_media/city-site/images/study/undergraduate/visit-us-hallway
Disallow: /_media/city-site/images/international-womens-day/i-am-also
Disallow: /_media/city-site/images/news/heroes/heroes-2016/march
Disallow: /_media/city-site/images/study/postgraduate/accommodation-hallway
Disallow: /_media/city-site/images/study/undergraduate/hallway/accommodation-hallway
Disallow: /_media/city-site/images/news/2016/march
Disallow: /_media/city-site/images/courses/banners
Disallow: /_media/city-site/images/courses/banners/undergraduate
Disallow: /_media/city-site/images/courses/facilities
Disallow: /_media/city-site/images/courses/unistats-gb
Disallow: /_media/city-site/images/courses/banners/unistats
Disallow: /_media/city-site/images/courses/banners/video-stills
Disallow: /_media/city-site/images/courses/undergraduate/student-views
Disallow: /_media/city-site/images/innovation-and-entrepreneurship-lab
Disallow: /_media/city-site/images/health/city-health
Disallow: /_media/city-site/images/arts-and-social-sciences/department-of-sociology2/comparative-social-surveys
Disallow: /_media/city-site/images/50-years-of-charter
Disallow: /_media/city-site/images/is/is-website
Disallow: /_media/city-site/images/news/heroes/heroes-2016/april
Disallow: /_media/city-site/images/news/2016/april
Disallow: /_media/city-site/images/50-years-of-charter/hallway-images
Disallow: /_media/city-site/images/is/is-website/sst
Disallow: /_media/city-site/images/city-summer-sounds/summer-sounds-2016
Disallow: /_media/city-site/images/smcse/interactive-location-map
Disallow: /_media/city-site/images/news/heroes/heroes-2016/may
Disallow: /_media/city-site/images/news/2016/may
Disallow: /_media/city-site/images/law/cls-hallway-images
Disallow: /_media/city-site/images/courses/postgraduate/student-views
Disallow: /_media/city-site/images/vc-awards/best-collaborative-project
Disallow: /_media/city-site/images/vc-awards/international-collaboration
Disallow: /_media/city-site/images/vc-awards/outstanding-personal-achievement
Disallow: /_media/city-site/images/vc-awards/research-project-of-the-year
Disallow: /_media/city-site/images/careers/banners
Disallow: /_media/city-site/images/news/2016/june
Disallow: /_media/city-site/images/news/heroes/heroes-2016/june
Disallow: /_media/city-site/images/external-sites
Disallow: /_media/city-site/images/engineering-and-maths/mathematical-models-in-ecology-and-evolution
Disallow: /_media/city-site/images/events/banners
Disallow: /_media/city-site/images/events/banners/2016
Disallow: /_media/city-site/images/events/banners/2016/june
Disallow: /_media/city-site/images/teaching-excellence
Disallow: /_media/city-site/images/arts-and-social-sciences/department-of-sociology2/food-policy
Disallow: /_media/city-site/images/news/heroes/heroes-2016/july
Disallow: /_media/city-site/images/news/2016/july
Disallow: /_media/city-site/images/arts/centre-for-english
Disallow: /_media/city-site/images/alumni/city-magazine-2016
Disallow: /_media/city-site/images/courses/banners/postgraduate
Disallow: /_media/city-site/images/news/heroes/heroes-2016/august
Disallow: /_media/city-site/images/news/2016/august
Disallow: /_media/city-site/images/induction-2012/welcome-week-2016
Disallow: /_media/city-site/images/news/heroes/heroes-2016/september
Disallow: /_media/city-site/images/news/2016/september
Disallow: /_media/city-site/images/timetabling
Disallow: /_media/city-site/images/cityventures
Disallow: /_media/city-site/images/cityventures/logos
Disallow: /_media/city-site/images/cityventures/banners
Disallow: /_media/city-site/images/visit/citynav
Disallow: /_media/city-site/images/cityventures/icons
Disallow: /_media/city-site/images/careers/fair-and-event-guides
Disallow: /_media/city-site/images/cityventures/hallways-and-thumbs
Disallow: /_media/city-site/images/news/2016/october
Disallow: /_media/city-site/images/news/heroes/heroes-2016/october
Disallow: /_media/city-site/images/cityventures/sections
Disallow: /_media/city-site/images/departments,-centres,-groups-and-units/biomedical-engineering/research-projects
Disallow: /_media/city-site/images/visit/timetabling/rhind
Disallow: /_media/city-site/images/winc
Disallow: /_media/city-site/images/research/homepage
Disallow: /_media/city-site/images/arts-and-social-sciences/landing-page
Disallow: /_media/city-site/images/health/student-profiles-and-blogs
Disallow: /_media/city-site/images/news/heroes/heroes-2016/november
Disallow: /_media/city-site/images/news/2016/november
Disallow: /_media/city-site/images/citysport/staff
Disallow: /_media/city-site/images/current-students/campus-information/hallway
Disallow: /_media/city-site/images/study/banks
Disallow: /_media/city-site/images/lead/hallways/learning-spaces
Disallow: /_media/city-site/images/start-here/201617-images
Disallow: /_media/city-site/images/start-here/201516-images
Disallow: /_media/city-site/images/the-year
Disallow: /_media/city-site/images/law/research2
Disallow: /_media/city-site/images/news/heroes/heroes-2016/december
Disallow: /_media/city-site/images/news/2016/december
Disallow: /_media/city-site/images/news/heroes/heroes-2017
Disallow: /_media/city-site/images/news/heroes/heroes-2017/january
Disallow: /_media/city-site/images/news/2017
Disallow: /_media/city-site/images/news/2017/january
Disallow: /_media/city-site/images/events/2017
Disallow: /_media/city-site/images/health/shs-landing-page
Disallow: /_media/city-site/images/about/city-information/vision-and-strategy-2026
Disallow: /_media/city-site/images/news/heroes/heroes-2017/february
Disallow: /_media/city-site/images/news/2017/february
Disallow: /_media/city-site/images/pg-open-evening
Disallow: /_media/city-site/images/international-womens-day/youtube-snippets
Disallow: /_media/city-site/images/health/research-centres
Disallow: /_media/city-site/images/engineering-and-maths/smcse-landing-page
Disallow: /_media/city-site/images/community-aphasia
Disallow: /_media/city-site/images/departments,-centres,-groups-and-units/biomedical-engineering/rcbe-people
Disallow: /_media/city-site/images/banner-images/varsity
Disallow: /_media/city-site/images/postgraduate/pg-applicant-pages
Disallow: /_media/city-site/images/news/heroes/heroes-2017/march
Disallow: /_media/city-site/images/news/2017/march
Disallow: /_media/city-site/images/law/cls-landing-page
Disallow: /_media/city-site/images/departments,-centres,-groups-and-units/biomedical-engineering/rcbe-people/rcbe-peoplegallery
Disallow: /_media/city-site/images/courses/banners/research-degrees
Disallow: /_media/city-site/images/news/heroes/heroes-2017/april
Disallow: /_media/city-site/images/news/2017/april
Disallow: /_media/city-site/images/events/2017/april
Disallow: /_media/city-site/images/health/research-degree-case-studies
Disallow: /_media/city-site/images/departments,-centres,-groups-and-units/biomedical-engineering/research-projects/rcbe-alonso-projects
Disallow: /_media/city-site/images/news/heroes/heroes-2017/may
Disallow: /_media/city-site/images/news/2017/may
Disallow: /_media/city-site/images/events/2017/may
Disallow: /_media/city-site/images/smcse/landing-page
Disallow: /_media/city-site/images/vc-awards/presidents-awards-2017
Disallow: /_media/city-site/images/events/2017/june
Disallow: /_media/city-site/images/news/2017/june
Disallow: /_media/city-site/images/news/heroes/heroes-2017/june
Disallow: /_media/city-site/images/alumni/alumni-ambassadors-2017
Disallow: /_media/city-site/images/vc-awards/presidents-awards-2017/winners-2017
Disallow: /_media/city-site/images/alumni/hallway-images
Disallow: /_media/city-site/images/departments,-centres,-groups-and-units/biomedical-engineering/rcbe-brochure
Disallow: /_media/city-site/images/alumni/magazine-covers
Disallow: /_media/city-site/images/alumni/daro-team-profile-photos
Disallow: /_media/city-site/images/alumni/support-us-hallway
Disallow: /_media/city-site/images/news/heroes/heroes-2017/july
Disallow: /_media/city-site/images/alumni/support-us-images
Disallow: /_media/city-site/images/news/2017/july
Disallow: /_media/city-site/images/induction-2012/welcome-week-2017
Disallow: /_media/city-site/images/news/heroes/cass-london-heroes
Disallow: /_media/city-site/images/news/heroes/heroes-2017/august
Disallow: /_media/city-site/images/news/2017/august
Disallow: /_media/city-site/images/research/hallway-images
Disallow: /_media/city-site/images/news/heroes/heroes-2017/september
Disallow: /_media/city-site/images/news/2017/september
Disallow: /_media/city-site/images/usp-icons
Disallow: /_media/city-site/images/testimonials
Disallow: /_media/city-site/images/interdisciplinary-centres
Disallow: /_media/city-site/images/arts/school-of-arts
Disallow: /_media/city-site/images/community-and-health/about-the-school
Disallow: /_media/city-site/images/banner-images
Disallow: /_media/city-site/images/carousel-images
Disallow: /_media/city-site/images/about/vice-chancellor-and-president
Disallow: /_media/city-site/images/about/education
Disallow: /_media/city-site/images/about/city-the-community-and-environment
Disallow: /_media/city-site/images/about/working-at-city
Disallow: /_media/city-site/images/about/facts-and-achievements
Disallow: /_media/city-site/images/alumni/development-office
Disallow: /_media/city-site/images/alumni/city-alumni-network
Disallow: /_media/city-site/images/alumni/get-involved
Disallow: /_media/city-site/images/alumni/international-groups
Disallow: /_media/city-site/images/alumni/benefits-and-services
Disallow: /_media/city-site/images/alumni/city-future-fund
Disallow: /_media/city-site/images/conference/catering
Disallow: /_media/city-site/images/conference/environment
Disallow: /_media/city-site/images/conference/out-and-about
Disallow: /_media/city-site/images/conference/meet-the-team
Disallow: /_media/city-site/images/for-business/research-at-city
Disallow: /_media/city-site/images/for-business/innovation-and-growth-support
Disallow: /_media/city-site/images/for-business/professional-development
Disallow: /_media/city-site/images/for-business/access-to-student-and-graduate-talent
Disallow: /_media/city-site/images/for-business/equipment-and-facilities-hire
Disallow: /_media/city-site/images/for-business/about-us
Disallow: /_media/city-site/images/for-business/for-business-case-studies
Disallow: /_media/city-site/images/law/about
Disallow: /_media/city-site/images/law/courses
Disallow: /_media/city-site/images/law/support
Disallow: /_media/city-site/images/law/careers
Disallow: /_media/city-site/images/law/international
Disallow: /_media/city-site/images/law/research
Disallow: /_media/city-site/images/law/events
Disallow: /_media/city-site/images/law/contact-form
Disallow: /_media/city-site/images/law/the-city-law-school
Disallow: /_media/city-site/images/law/alumni
Disallow: /_media/city-site/images/social-sciences/school-of-social-sciences
Disallow: /_media/city-site/images/interdisciplinary-centres/centre-for-creativity-in-professional-practice
Disallow: /_media/city-site/images/interdisciplinary-centres/city-collaborative-transport-hub
Disallow: /_media/city-site/images/interdisciplinary-centres/centre-for-information-leadership
Disallow: /_media/city-site/images/interdisciplinary-centres/centre-for-better-managed-health-and-social-care
Disallow: /_media/city-site/images/interdisciplinary-centres/centre-for-law,-justice-and-journalism
Disallow: /_media/city-site/images/interdisciplinary-centres/centre-for-performance-at-work
Disallow: /_media/city-site/images/people
Disallow: /_media/city-site/images/people/phone-directory
Disallow: /_media/city-site/images/people/email-directory
Disallow: /_media/city-site/images/working-at-city
Disallow: /_media/city-site/images/working-at-city/why-work-at-city
Disallow: /_media/city-site/images/working-at-city/vacancies
Disallow: /_media/city-site/images/working-at-city/application-and-selection-process
Disallow: /_media/city-site/images/careers/about-careers
Disallow: /_media/city-site/images/careers/recruiters
Disallow: /_media/city-site/images/international/exchange-programmes
Disallow: /_media/city-site/images/international/pre-sessional-english-courses
Disallow: /_media/city-site/images/international/international-student-support
Disallow: /_media/city-site/images/international/country
Disallow: /_media/city-site/images/international/internationalisation
Disallow: /_media/city-site/images/olive-tree-programme
Disallow: /_media/city-site/images/olive-tree-programme/background
Disallow: /_media/city-site/images/olive-tree-programme/objectives
Disallow: /_media/city-site/images/olive-tree-programme/applying-for-a-scholarship
Disallow: /_media/city-site/images/olive-tree-programme/alumni
Disallow: /_media/city-site/images/olive-tree-programme/the-olive-tree-middle-east-forum
Disallow: /_media/city-site/images/olive-tree-programme/forum-videos
Disallow: /_media/city-site/images/study
Disallow: /_media/city-site/images/courses/postgraduate
Disallow: /_media/city-site/images/courses/undergraduate
Disallow: /_media/city-site/images/courses/short-courses
Disallow: /_media/city-site/images/courses/cpd
Disallow: /_media/city-site/images/courses/xml
Disallow: /_media/city-site/images/contact/alumni
Disallow: /_media/city-site/images/contact/careers
Disallow: /_media/city-site/images/contact/cass-business-school
Disallow: /_media/city-site/images/contact/law
Disallow: /_media/city-site/images/contact/conference
Disallow: /_media/city-site/images/contact/events
Disallow: /_media/city-site/images/contact/for-business
Disallow: /_media/city-site/images/contact/general
Disallow: /_media/city-site/images/contact/international
Disallow: /_media/city-site/images/contact/ldc
Disallow: /_media/city-site/images/contact/media
Disallow: /_media/city-site/images/contact/arts
Disallow: /_media/city-site/images/contact/health
Disallow: /_media/city-site/images/contact/sems
Disallow: /_media/city-site/images/contact/informatics
Disallow: /_media/city-site/images/contact/social-sciences
Disallow: /_media/city-site/images/contact/research
Disallow: /_media/city-site/images/contact/adu
Disallow: /_media/city-site/images/contact/student-centre
Disallow: /_media/city-site/images/contact/visit-city
Disallow: /_media/city-site/images/contact/study
Disallow: /_media/city-site/images/contact/interdisciplinary-centres
Disallow: /_media/city-site/images/contact/people
Disallow: /_media/city-site/images/community-and-health/research
Disallow: /_media/city-site/images/engineering-and-maths/undergraduate
Disallow: /_media/city-site/images/engineering-and-maths/postgraduate
Disallow: /_media/city-site/images/engineering-and-maths/professional-services
Disallow: /_media/city-site/images/engineering-and-maths/partnerships-and-international
Disallow: /_media/city-site/images/informatics/undergraduate
Disallow: /_media/city-site/images/informatics/postgraduate
Disallow: /_media/city-site/images/informatics/research
Disallow: /_media/city-site/images/informatics/professional-services
Disallow: /_media/city-site/images/informatics/school-organisation
Disallow: /_media/city-site/images/study/undergraduate
Disallow: /_media/city-site/images/study/postgraduate
Disallow: /_media/city-site/images/study/professional-development
Disallow: /_media/city-site/images/study/why-study-at-city
Disallow: /_media/city-site/images/study/visit-us
Disallow: /_media/city-site/images/carousel-images/student-life
Disallow: /_media/city-site/images/visit/feeds
Disallow: /_media/city-site/images/research/research-at-city
Disallow: /_media/city-site/images/research/rae-results
Disallow: /_media/city-site/images/research/research-degrees
Disallow: /_media/city-site/images/research/spotlight-on-research
Disallow: /_media/city-site/images/carousel-images/business
Disallow: /_media/city-site/images/carousel-images/careers
Disallow: /_media/city-site/images/carousel-images/careers/for-student-and-recent-graduates
Disallow: /_media/city-site/images/carousel-images/careers/home-page
Disallow: /_media/city-site/images/carousel-images/careers/get-involved-on-campus
Disallow: /_media/city-site/images/carousel-images/careers/fairs-at-city
Disallow: /_media/city-site/images/carousel-images/parents-and-guardians
Disallow: /_media/city-site/images/carousel-images/school-of-arts
Disallow: /_media/city-site/images/carousel-images/school-of-social-sciences
Disallow: /_media/city-site/images/banner-images/study
Disallow: /_media/city-site/images/banner-images/study/undergraduate
Disallow: /_media/city-site/images/banner-images/study/postgraduate
Disallow: /_media/city-site/images/study/landing-page-carousel
Disallow: /_media/city-site/images/testimonials/informatics
Disallow: /_media/city-site/images/carousel-images/study
Disallow: /_media/city-site/images/carousel-images/business/staff-portraits
Disallow: /_media/city-site/images/carousel-images/home-page
Disallow: /_media/city-site/images/banner-images/about
Disallow: /_media/city-site/images/for-business/about-us/staff-photos
Disallow: /_media/city-site/images/carousel-images/school-of-arts/department-of-creative-practice-and-enterprise
Disallow: /_media/city-site/images/carousel-images/school-of-social-sciences/department-of-psychology
Disallow: /_media/city-site/images/carousel-images/school-of-arts/department-of-journalism
Disallow: /_media/city-site/images/carousel-images/school-of-social-sciences/department-of-economics
Disallow: /_media/city-site/images/carousel-images/school-of-social-sciences/department-of-international-politics
Disallow: /_media/city-site/images/carousel-images/school-of-social-sciences/department-of-sociology
Disallow: /_media/city-site/images/carousel-images/schol-of-engineering-and-mathematical-sciences/home-page
Disallow: /_media/city-site/images/carousel-images/schol-of-engineering-and-mathematical-sciences
Disallow: /_media/city-site/images/banner-images/health
Disallow: /_media/city-site/images/banner-images/arts-and-social-sciences
Disallow: /_media/city-site/images/banner-images/careers
Disallow: /_media/city-site/images/carousel-images/about
Disallow: /_media/city-site/images/sems-and-soi
Disallow: /_media/city-site/images/banner-images/alumni
Disallow: /_media/city-site/images/social-media-icons/24px
Disallow: /_media/city-site/images/social-media-icons/16px
Disallow: /_media/city-site/images/social-media-icons
Disallow: /_media/city-site/images/social-media-icons/32px
Disallow: /_media/city-site/images/sems-and-soi/requested-images
Disallow: /_media/city-site/images/arts-and-social-sciences/buildings
Disallow: /_media/city-site/images/arts-and-social-sciences
Disallow: /_media/city-site/images/arts-and-social-sciences/staff-portraits
Disallow: /_media/city-site/images/arts-and-social-sciences/2009-arts-photoshoot
Disallow: /_media/city-site/images/sems-and-soi/hcid
Disallow: /_media/city-site/images/community-and-health/requested-images
Disallow: /_media/city-site/images/banner-images/soi
Disallow: /_media/city-site/images/banner-images/for-business
Disallow: /_media/city-site/images/banner-images/sems
Disallow: /_media/city-site/images/banner-images/general
Disallow: /_media/city-site/images/carousel-images/school-of-informatics
Disallow: /_media/city-site/images/conference/venues
Disallow: /_media/city-site/images/carousel-images/research
Disallow: /_media/city-site/images/carousel-images/alumni
Disallow: /_media/city-site/images/carousel-images/law
Disallow: /_media/city-site/images/stock
Disallow: /_media/city-site/images/carousel-images/health
Disallow: /_media/city-site/images/chancellor-and-vice-chancellor
Disallow: /_media/city-site/images/banner-images/schools-and-departments
Disallow: /_media/city-site/images/banner-images/law
Disallow: /_media/city-site/images/carousel-images/adu
Disallow: /_media/city-site/images/banner-images/press-office
Disallow: /_media/city-site/images/conference/venues/cass
Disallow: /_media/city-site/images/conference/venues/city-law-school
Disallow: /_media/city-site/images/international/international-student
Disallow: /_media/city-site/images/study/why-study-at-city/student-centre
Disallow: /_media/city-site/images/study/why-study-at-city/student-centre/financial-support
Disallow: /_media/city-site/images/law/cljj
Disallow: /_media/city-site/images/conference/katharine
Disallow: /_media/city-site/images/conference/katharine/conferences
Disallow: /_media/city-site/images/conference/katharine/lectures-and-presentations
Disallow: /_media/city-site/images/conference/katharine/banquets-and-receptions
Disallow: /_media/city-site/images/conference/katharine/examinations
Disallow: /_media/city-site/images/conference/katharine/exhibitions
Disallow: /_media/city-site/images/conference/katharine/meetings-and-training
Disallow: /_media/city-site/images/carousel-images/conference-services
Disallow: /_media/city-site/images/conference/logos
Disallow: /_media/city-site/images/carousel-images/international
Disallow: /_media/city-site/images/about/graduation
Disallow: /_media/city-site/images/community-and-health/carc
Disallow: /_media/city-site/images/community-and-health/carc/portraits
Disallow: /_media/city-site/images/news/thumbnails
Disallow: /_media/city-site/images/news/featured-news
Disallow: /_media/city-site/images/sems-and-soi/logos
Disallow: /_media/city-site/images/banner-images/research
Disallow: /_media/city-site/images/banner-images/conference-services
Disallow: /_media/city-site/images/banner-images/interdisciplinary-city
Disallow: /_media/city-site/images/sems-and-soi/prospectus
Disallow: /_media/city-site/images/social-media-logos
Disallow: /_media/city-site/images/law/portraits
Disallow: /_media/city-site/images/gifs
Disallow: /_media/city-site/images/banner-images/cljj
Disallow: /_media/city-site/images/banner-images/academic-excellence
Disallow: /_media/city-site/images/law/portfolio
Disallow: /_media/city-site/images/city-visual-language
Disallow: /_media/city-site/images/alumni/honorary-graduates
Disallow: /_media/city-site/images/social-sciences/logos
Disallow: /_media/city-site/images/sems-and-soi/webpage-screengrabs
Disallow: /_media/city-site/images/city-review
Disallow: /_media/city-site/images/city-review/crops
Disallow: /_media/city-site/images/short-courses
Disallow: /_media/city-site/images/carousel-images/professional-development
Disallow: /_media/city-site/images/city-vision
Disallow: /_media/city-site/images/sems-and-soi/sems-research
Disallow: /_media/city-site/images/sems-and-soi/logos2
Disallow: /_media/city-site/images/banner-images/magazine
Disallow: /_media/city-site/images/logos
Disallow: /_media/city-site/images/about/city-information/governance/council
Disallow: /_media/city-site/images/about/city-information
Disallow: /_media/city-site/images/about/city-information/governance
Disallow: /_media/city-site/images/news/bandstand
Disallow: /_media/city-site/images/city-sports
Disallow: /_media/city-site/images/carousel-images/city-sport
Disallow: /_media/city-site/images/facebook
#
# WYM generated weird links
#
Disallow: /wymiframe.html
#
# Funnelback and RSS feeds, probably ignored anyway
#
Disallow: /events/rss/
Disallow: /news/rss/
#
# the sitemap
#
Sitemap: http://www.city.ac.uk/sitemap-index.xml
# visual identity pages (temporary)
Disallow: /city-visual-language
Disallow: /fbchannel.html
# Disallow: /health/events
Disallow: /events/live-stream
Disallow: /news/city-statements
Disallow: /informatics/research/human-centric-systems/people
#
# Exceptions for Funnelback
#
# User-agent: FunnelBack
# Allow: /intranet/
User-agent: *
Crawl-delay: 5
